지번주소,도로명주소,사업장명,좌표정보(X),좌표정보(Y),점포구분명
서울특별시 노원구 상계동 173번지,서울특별시 노원구 한글비석로 396 (상계동),상계역전종합상가,206280.789903642    ,462002.498987713    ,대규모점포
서울특별시 노원구 중계동 509번지 2호,서울특별시 노원구 동일로204가길 12 (중계동),홈플러스(주) 중계점,205985.953324881    ,459730.43776924     ,대규모점포
서울특별시 노원구 상계동 1258 희성오피앙,"서울특별시 노원구 동일로 1701 (상계동, 희성오피앙)",오피앙,204772.500639238    ,464208.305428933    ,대규모점포
서울특별시 노원구 월계동 333번지 1호,"서울특별시 노원구 마들로3길 15 (월계동, 월계이마트)",이마트타운 월계점,205391.070378059    ,458333.989216339    ,대규모점포
서울특별시 노원구 중계동 517호,"서울특별시 노원구 노원로 330 (중계동, 롯데마트)",롯데마트 중계점,206132.432496938    ,460549.311157153    ,대규모점포
서울특별시 노원구 중계동 360번지 2호,서울특별시 노원구 중계로 225 (중계동),홈플러스(주)익스프레스 중계점,206490.247358174    ,460830.615360327    ,준대규모점포
서울특별시 노원구 중계동 506번지 1   호,,건영옴니백화점,205645.891969072    ,459609.012509743    ,대규모점포
서울특별시 노원구 하계동 284번지 2호,"서울특별시 노원구 한글비석로 57 (하계동, 세이브존)",세이브존,206044.776421388    ,459360.877718439    ,대규모점포
서울특별시 노원구 중계2.3동 509번지 2001아울렛,서울특별시 노원구 동일로204가길 46 (중계동),이천일아울렛 중계점,205931.05327036     ,459884.197207567    ,대규모점포
서울특별시 노원구 상계동 1318번지,서울특별시 노원구 상계로23다길 13-8 (상계동),노원아이파크 상가,206033.023278317    ,461935.33920381     ,대규모점포
서울특별시 노원구 상계동 684번지,서울특별시 노원구 한글비석로 471 (상계동),(주)지에스리테일 GS수퍼상계점,205715.538939251    ,462416.211580109    ,준대규모점포
서울특별시 노원구 공릉동 238번지 53호,"서울특별시 노원구 공릉로 144 (공릉동, 공릉빌딩)",롯데쇼핑(주) 롯데슈퍼공릉점,206952.444113646    ,457814.529614419    ,준대규모점포
서울특별시 노원구 월계3동 18번지 그랑빌아파트주상가 지층동 101호,서울특별시 노원구 마들로 31 (월계동),(주)지에스리테일 GS슈퍼 노원월계점,205984.15211292     ,457275.799282625    ,준대규모점포
서울특별시 동대문구 장안동 310-8 희헌빌딩,"서울특별시 동대문구 장한로28가길 45, 희헌빌딩 (장안동)",GS THE FRESH 동대문장안점,206341.538776724    ,452530.018811546    ,준대규모점포
서울특별시 동대문구 이문동 257-42 래미안라그란데아파트 F동 101~4호,"서울특별시 동대문구 이문로35길 12, F동 101~4호 (이문동, 래미안라그란데아파트)",GS THE FRESH 이문라그란데점,205249.265435832    ,455308.651763587    ,준대규모점포
서울특별시 동대문구 휘경동 172 휘경자이디센시아,"서울특별시 동대문구 외대역동로 63-27, 상가동 201~203호 (휘경동, 휘경자이디센시아)",이마트에브리데이 휘경자이점,205461.893514965    ,454519.052992935    ,준대규모점포
서울특별시 동대문구 이문동 149-8 근린생활시설 2동 101호,서울특별시 동대문구 이문로 120 (이문동),GS THE FRESH 이문파크자이점,205541.211931615    ,455132.605075423    ,준대규모점포
서울특별시 중랑구 상봉동 81호,서울특별시 중랑구 망우로 336 (상봉동),코스트코홀세일 상봉점,207897.260402153    ,454953.363448013    ,대규모점포
서울특별시 중랑구 면목동 168번지 2호,서울특별시 중랑구 사가정로 332 (면목동),홈플러스(주)면목점,207090.86716546     ,453072.936040777    ,대규모점포
서울특별시 중랑구 신내1동 786번지 동성타워프라자,서울특별시 중랑구 봉화산로 221 (신내동),동성타워프라자,208520.092335397    ,456195.877460936    ,대규모점포
서울특별시 중랑구 중화2동 314번지 1호,서울특별시 중랑구 동일로129길 35 (중화동),태능엔터피아 번영회,206771.217305763    ,455221.989517331    ,대규모점포
,"서울특별시 중랑구 망우로 353-0 (상봉동, 프레미어스 엠코)",이노시티,207923.745922676    ,455090.718335439    ,대규모점포
서울특별시 중랑구 신내동 646 금강리빙스텔,"서울특별시 중랑구 신내로 211, 금강리빙스텔 비01호 (신내동)",롯데프레시앤델리 봉화산역점,208112.860200669    ,457113.638411288    ,준대규모점포
서울특별시 중랑구 망우동 580 중랑숲금호어울림,"서울특별시 중랑구 양원역로 18, 103~106호 (망우동, 중랑숲금호어울림)",GS THE FRESH 중랑망우점,209579.542671166    ,455549.589368255    ,준대규모점포
서울특별시 중랑구 신내동 502-5 대명프라자,"서울특별시 중랑구 봉화산로56길 153, 대명프라자 (신내동)",GS THE FRESH 신내점,208481.612667873    ,455496.980508789    ,준대규모점포
서울특별시 중랑구 중화동 331-1 리버센 SK VIEW 롯데캐슬,"서울특별시 중랑구 중랑천로 200, 102,105,404호 (중화동, 리버센 SK VIEW 롯데캐슬)",이마트에브리데이 중화리버센SK점,206612.198807103    ,455630.425418005    ,준대규모점포
서울특별시 성북구 보문동4가 1번지 1   호,,보문시장,                    ,                    ,
서울특별시 성북구 하월곡동 88번지 345호,,미아시장,                    ,                    ,
서울특별시 성북구 석관동 270호,,석관시장,                    ,                    ,
서울특별시 성북구 석관동 338번지 18호,,새석관시장,204582.680269555    ,456210.836257791    ,
서울특별시 성북구 길음동 540번지 2   호,,길음시장,                    ,                    ,
서울특별시 성북구 돈암동 609번지 1  호,,동소문스카이프라자,                    ,                    ,
서울특별시 성북구 길음동 20번지 1호,"서울특별시 성북구 동소문로 315 (길음동, 현대백화점미아점)",현대백화점 미아점,202466.801084521    ,456227.571720914    ,대규모점포
서울특별시 성북구 길음동 535번지 8호,서울특별시 성북구 동소문로 227 (길음동),길음시장,201852.588541848    ,455598.947533777    ,대규모점포
서울특별시 성북구 길음동 25번지 2호,,신세계이마트미아점,202555.30089577     ,456503.066230481    ,
서울특별시 성북구 길음동 25번지 2호,서울특별시 성북구  도봉로  17 (길음동),이마트 미아점,202555.30089577     ,456503.066230481    ,대규모점포
서울특별시 성북구 종암동 132번지,"서울특별시 성북구 종암로 132 (종암동, 종암우림카이저팰리스)",종암우림카이저팰리스주상복합,202887.735294472    ,455516.204264925    ,대규모점포
서울특별시 성북구 길음동 25번지 2호 신세계 이마트 미아점,"서울특별시 성북구 도봉로 17, 신세계 이마트 미아점 (길음동)",이마트 미아점,202555.30089577     ,456503.066230481    ,대규모점포
서울특별시 성북구 하월곡동 46-73 코업스타클래스,"서울특별시 성북구 화랑로 76, 코업스타클래스 (하월곡동)",홈플러스 월곡점,203502.004139568    ,455500.568972657    ,대규모점포
서울특별시 성북구 길음2동 230번지 동일하이빌뉴시티아파트,"서울특별시 성북구 종암로 167,  동 (하월곡동)",이마트 하월곡점,202667.468802014    ,455858.920803881    ,대규모점포
,"서울특별시 성북구 성북로4길 52 (돈암동, 한진아파트)",GS더프레시 동소문점,200841.726990037    ,454721.505180141    ,준대규모점포
서울특별시 성북구 돈암2동 636번지,"서울특별시 성북구 북악산로 844 (돈암동, 돈암이수브라운스톤아파트)",GS더프레시 성북돈암점,201501.474496909    ,455061.698603977    ,준대규모점포
서울특별시 성북구 길음1동 1284번지 삼성래미안3차아파트,"서울특별시 성북구 길음로 33 (길음동, 길음뉴타운8단지아파트)",GS더프레시 길음뉴타운점,201514.970976778    ,456137.102062808    ,준대규모점포
,서울특별시 중랑구 면목로74길 45 (면목동),동원,207869.605609192    ,454173.313439431    ,대규모점포
서울특별시 성북구 동선동1가 1번지 2호,서울특별시 성북구 동소문로 106 (동선동1가),유타쇼핑몰,201447.418693099    ,454477.103343093    ,대규모점포
서울특별시 성북구 삼선동1가 21,서울특별시 성북구 삼선교로 6 (삼선동1가),홈플러스익스프레스 삼선점,200509.660547343    ,453950.640893998    ,준대규모점포
서울특별시 성북구 장위동 316번지 3호,서울특별시 성북구 월계로40길 7 (장위동),롯데슈퍼 장위점,204208.631200867    ,457844.348010616    ,준대규모점포
서울특별시 성북구 정릉3동 1034번지,서울특별시 성북구 정릉로 307 (정릉동),롯데슈퍼 정릉점,201548.495615664    ,455659.81785175     ,준대규모점포
서울특별시 성북구 보문동7가 25번지 1호,서울특별시 성북구 보문로 61 (보문동7가),홈플러스익스프레스 보문점,201826.002331378    ,453162.376311852    ,준대규모점포
서울특별시 성북구 길음동 1285번지 두산아파트상가,서울특별시 성북구 길음로13길 22 (길음동),홈플러스익스프레스 길음점,201592.991324089    ,456382.966061703    ,준대규모점포
서울특별시 성북구 돈암동 609번지 1호,서울특별시 성북구 성북로4길 52 (돈암동),동소문스카이상가,200841.726990037    ,454721.505180141    ,대규모점포
서울특별시 성북구 길음동 25번지 2호,서울특별시 성북구 도봉로 17 (길음동),이마트 미아점,202555.30089577     ,456503.066230481    ,대규모점포
서울특별시 성북구 하월곡동 230번지 동일하이빌뉴시티아파트,"서울특별시 성북구 종암로 167 (하월곡동, 동일하이빌뉴시티아파트)",이마트 하월곡점,202667.468802014    ,455858.920803881    ,대규모점포
,"서울특별시 성북구 보문사길 111 (보문동6가, 보문파크뷰자이)",GS더프레시 성북보문점,201562.571790335    ,453092.434673285    ,준대규모점포
서울특별시 성북구 돈암동 609번지 1호 스카이프라자상가,"서울특별시 성북구 성북로4길 52 (돈암동, 한신한진아파트)",동소문스카이상가,200841.726990037    ,454721.505180141    ,대규모점포
"서울특별시 성북구 길음동 535번지8호, 535번지26호, 540번지2호",,길음시장,                    ,                    ,대규모점포
서울특별시 성북구 길음동 508-16,"서울특별시 성북구 숭인로8길 80, 롯데캐슬클라시아 상가 101~104호 (길음동)",GS더프레시 성북클라시아점,202226.378526398    ,456194.352420546    ,준대규모점포
서울특별시 성북구 길음동 1286-10 길음뉴타운9단지래미안 상가,"서울특별시 성북구 길음로7길 6, 길음뉴타운9단지래미안 상가 지하1층 B04~B08호 (길음동)",이마트에브리데이 길음점,201912.435615622    ,455775.861032353    ,준대규모점포
서울특별시 성북구 길음동 1286-10 길음뉴타운9단지래미안 상가,"서울특별시 성북구 길음로7길 6, 길음뉴타운9단지래미안 상가 지하1층 B04~B08호 (길음동)",이마트에브리데이 길음점,201912.435615622    ,455775.861032353    ,준대규모점포
서울특별시 성북구 보문동2가 79 신한은행보문동지점,"서울특별시 성북구 보문로 121, 신한은행보문동지점 1층 일부 (보문동2가)",GS더프레시 보문역사거리점,201572.041303407    ,453729.457829945    ,준대규모점포
서울특별시 강북구 수유동 54번지 5호 수유시장,"서울특별시 강북구 도봉로67길 18, 수유시장 (수유동)",수유시장,201956.180985499    ,458714.365820521    ,대규모점포
서울특별시 강북구 번1동 413번지 3호,서울특별시 강북구 한천로123길 26 (번동),북부시장,202608.934103734    ,459320.030764534    ,대규모점포
서울특별시 강북구 수유동 32번지 2호 수유중앙시장,"서울특별시 강북구 노해로17길 21, 수유중앙시장 (수유동)",수유중앙시장,201812.904685238    ,459775.992830125    ,대규모점포
서울특별시 강북구 미아동 701번지 3호 동북프라자,"서울특별시 강북구 솔샘로 233, 동북프라자 (미아동)",동북프라자,201589.777957863    ,457545.100871485    ,대규모점포
서울특별시 강북구 미아동 701번지 3호 동북프라자,"서울특별시 강북구 솔샘로 233, 동북프라자 (미아동)",동북시장,201589.777957863    ,457545.100871485    ,대규모점포
서울특별시 강북구 수유동 63번지,"서울특별시 강북구 도봉로 261 (수유동, 삼호아파트,수유프라자)",수유프라자,202000.513660624    ,458815.97773382     ,대규모점포
서울특별시 강북구 수유동 63번지,서울특별시 강북구 도봉로 261 (수유동),수유프라자,202000.513660624    ,458815.97773382     ,대규모점포
서울특별시 강북구 미아동 58호,서울특별시 강북구 도봉로 45 (미아동),숭인시장,202558.581755334    ,456709.916330722    ,대규모점포
서울특별시 강북구 미아동 70번지 6   호,서울특별시 강북구 도봉로 62 (미아동),롯데백화점 미아점,202625.646264572    ,456875.973976242    ,대규모점포
서울특별시 강북구 수유동 405번지 5호,서울특별시 강북구 삼양로91길 11-12 (수유동),수유북부시장,201354.553491054    ,459317.583083716    ,대규모점포
서울특별시 강북구 송중동,서울특별시 강북구 도봉로 34 (미아동),트레지오,202642.446045912    ,456636.308192293    ,대규모점포
서울특별시 강북구 수유3동 179번지 5호,서울특별시 강북구 한천로148길 12-43 (수유동),강북종합시장,                    ,                    ,대규모점포
서울특별시 강북구 번1동 413번지 3호,서울특별시 강북구 한천로123길 26 (번동),강북 북부시장,202608.934103734    ,459320.030764534    ,대규모점포
서울특별시 강북구 미아동 1357번지 6호,서울특별시 강북구 삼양로27길 35-21 (미아동),㈜지에스리테일 GS수퍼 강북미아점,201602.577531291    ,457290.100695375    ,준대규모점포
"서울특별시 성북구 길음동 535-8,535-26,540-2,540-7",,길음시장,                    ,                    ,대규모점포
서울특별시 강북구 미아동 1359번지,서울특별시 강북구 삼양로 247 (미아동),롯데쇼핑(주) 롯데마트 삼양점,201494.627293774    ,458136.342274236    ,대규모점포
서울특별시 강북구 미아동 1351번지,"서울특별시 강북구 도봉로 157, 112호 (미아동, 두원프라자)",(주)이마트에브리데이 미아동점,202314.47965444     ,457821.853133872    ,준대규모점포
,서울특별시 강북구 도봉로 172 (미아동),홈플러스(주)익스프레스미아점,202344.117949112    ,457986.172253906    ,준대규모점포
,서울특별시 강북구 노해로23길 68 (수유동),우이시장,201692.868936629    ,460402.065518179    ,대규모점포
서울특별시 강북구 미아동 71번지 1호,서울특별시 강북구 도봉로 52 (미아동),연이스퀘어,202624.617262819    ,456818.85207077     ,대규모점포
"서울특별시 강북구 미아동 7-5 대지쇼핑프라자 1층 101~104호, 106호~122호","서울특별시 강북구 오패산로30길 10, 대지쇼핑프라자 1층 101~104호, 106호~122호 (미아동)",GS THE FRESH 북서울숲점,203008.20501727     ,456808.972105684    ,준대규모점포
서울특별시 강북구 수유동 472-304,서울특별시 강북구 삼양로79길 24-17 (수유동),GS THE FRESH 수유중앙점,201357.487353084    ,458750.390221395    ,준대규모점포
서울특별시 강북구 수유동 54-5 수유시장,"서울특별시 강북구 도봉로67길 18, 수유시장 1층 (수유동)",(주)이마트에브리데이 수유시장점,201956.180985499    ,458714.365820521    ,준대규모점포
서울특별시 도봉구 도봉동 30번지 1호 도봉한신쇼핑상가,서울특별시 도봉구 도봉로180나길 41 (도봉동),도봉한신쇼핑상가,204169.847670316    ,464814.717432497    ,대규모점포
서울특별시 도봉구 방학동 707번지 7호,서울특별시 도봉구 도봉로 678 (방학동),홈플러스(주)방학점,203790.013568785    ,462495.417040876    ,대규모점포
서울특별시 도봉구 창동 581번지 28호,서울특별시 도봉구 덕릉로57길 30 (창동),삼익쇼핑,203220.921406024    ,459746.924430501    ,대규모점포
서울특별시 도봉구 창동 135번지 26호,서울특별시 도봉구 노해로65길 4 (창동),(주) 이마트 창동점,204107.090272108    ,461072.642448925    ,대규모점포
서울특별시 도봉구 도봉동 657번지,서울특별시 도봉구 마들로 724 (도봉동),도봉한양프라자,204136.58447783     ,463573.102150294    ,대규모점포
서울특별시 도봉구 창2동 628번지 20호,서울특별시 도봉구 도봉로104길 53 (창동),(주)에브리데이리테일 창동점,203027.627111443    ,460124.418353378    ,준대규모점포
서울특별시 도봉구 창2동 628번지 20호,서울특별시 도봉구 도봉로104길 53 (창동),(주)에브리데이리테일 창동점,203027.627111443    ,460124.418353378    ,준대규모점포
서울특별시 도봉구 쌍문2동 19번지,서울특별시 도봉구 도당로 10 (쌍문동),롯데슈퍼 쌍문점,203048.669322526    ,461867.647869631    ,준대규모점포
서울특별시 도봉구 창1동 651번지 36호,서울특별시 도봉구 도봉로110길 65 (창동),롯데프레쉬 창동점,203207.625254256    ,460455.837628654    ,준대규모점포
서울특별시 도봉구 방학3동 271번지 2호,서울특별시 도봉구 방학로 223 (방학동),롯데슈퍼 방학점,202326.175760253    ,462116.40856417     ,준대규모점포
서울특별시 도봉구 창동 628번지 20호,서울특별시 도봉구 도봉로104길 53 (창동),(주)이마트에브리데이 창동점,203027.627111443    ,460124.418353378    ,준대규모점포
서울특별시 도봉구 창동 804번지,서울특별시 도봉구 덕릉로63가길 61 (창동),대우상가,203242.968498731    ,460001.081136921    ,대규모점포
서울특별시 도봉구 방학동 271번지 2호,서울특별시 도봉구 방학로 223 (방학동),신동아프라자,202326.175760253    ,462116.40856417     ,대규모점포
서울특별시 도봉구 쌍문동 711번지 금강아미움파크타운,"서울특별시 도봉구 방학로5길 33, 금강아미움파크타운 (쌍문동, 금강아미움파크타운)",금강아미움쇼핑센터,203296.164641727    ,462113.860476609    ,대규모점포
서울특별시 도봉구 방학동 484-7,"서울특별시 도봉구 시루봉로 103-1, 1층 (방학동)",GS THE FRESH 방학신동아점,202346.049195533    ,461967.40118936     ,준대규모점포
서울특별시 도봉구 창동 297-16,서울특별시 도봉구 해등로12길 3 (창동),GS THE FRESH 창동점,203589.033642356    ,461254.349369279    ,준대규모점포
서울특별시 도봉구 방학동 717-6 도봉 롯데캐슬 골든파크 B107~호,"서울특별시 도봉구 도봉로150마길 34, 지하1층 B107~B126호 (방학동, 도봉 롯데캐슬 골든파크)",롯데슈퍼 도봉캐슬점,203920.444016775    ,462830.484935873    ,준대규모점포
서울특별시 종로구 종로6가 289번지 3 호,서울특별시 종로구 종로 266 (종로6가),동대문종합시장,200717.7490316      ,452011.865092338    ,대규모점포
서울특별시 종로구 종로6가 289번지 57호,서울특별시 종로구 종로 272 (종로6가),동대문종합시장 신관,200647.01325068     ,452054.764927519    ,대규모점포
서울특별시 종로구 예지동 6번지 1호,,광장주식회사,199837.41426735     ,451974.128468485    ,
서울특별시 종로구 종로1가 1번지,서울특별시 종로구 종로 1 (종로1가),종로1번지아케이트,197993.904628438    ,452032.958591394    ,대규모점포
서울특별시 종로구 서린동 33호,,영풍문고,198351.818737482    ,451921.60302604     ,
서울특별시 동대문구 장안동 580번지,서울특별시 동대문구 한천로 42 (장안동),장안위더스빌,205423.969491537    ,451556.210578255    ,대규모점포
,서울특별시 강북구 도봉로33길 18 (미아동),(주)농협유통 미아점,202266.448738483    ,457691.802407444    ,준대규모점포
서울특별시 종로구 창신동 436번지 79  호,,동대문신발도매상가,                    ,                    ,
서울특별시 종로구 종로6가 270번지 3호 동대문종합시장D동상가,"서울특별시 종로구 종로 266, 동대문종합시장D동상가  동 (종로6가)",동대문종합시장D동상가,200579.409754868    ,452035.347658612    ,대규모점포
서울특별시 종로구 서린동 33번지 영풍빌딩,서울특별시 종로구 청계천로 41 (서린동),(주)영풍문고,198351.818737482    ,451921.60302604     ,대규모점포
서울특별시 종로구 인의동 48번지 2호,"서울특별시 종로구 종로 183 (인의동, 효성주얼리시티)",효성주얼리시티,199812.609633255    ,452132.648343993    ,대규모점포
서울특별시 종로구 창신동 23번지 76호 브라운스톤 창신,"서울특별시 종로구 지봉로 81 (창신동, 브라운스톤 창신)",브라운스톤 창신상가,201258.062657124    ,452787.132831042    ,준대규모점포
서울특별시 종로구 인의동 112번지 2호,서울특별시 종로구 창경궁로 109 (인의동),세운스퀘어,199670.979884558    ,452221.775006084    ,대규모점포
서울특별시 종로구 숭인동 76번지 롯데캐슬천지인 1층,서울특별시 종로구 종로 347 (숭인동),홈플러스(주)익스프레스 숭인점,201359.53353905     ,452395.659064842    ,준대규모점포
서울특별시 종로구 신문로1가 24번지  고려빌딩 1층,"서울특별시  새문안로 91, 1층 (고려빌딩)",홈플러스(주)익스프레스 광화문점,197700.034013631    ,452022.503467072    ,준대규모점포
서울특별시 종로구 예지동 6번지 1호,서울특별시 종로구 창경궁로 88 (예지동),광장시장,199837.41426735     ,451974.128468485    ,대규모점포
서울특별시 종로구 낙원동 288번지 낙원상가,"서울특별시 종로구 삼일대로 428, 낙원상가 506호 (낙원동)",낙원상가,198838.912965902    ,452214.210961577    ,대규모점포
서울특별시 종로구 낙원동 288번지 낙원상가,"서울특별시 종로구 삼일대로 428, 낙원상가 (낙원동)",낙원상가,198838.912965902    ,452214.210961577    ,대규모점포
서울특별시 종로구 숭인동 206-9 신설종합시장 숭인동,"서울특별시 종로구 난계로27길 51, 신설종합시장 숭인동 (숭인동)",신설종합시장,201727.670840565    ,452264.420237876    ,대규모점포
호,,종로세운상가,                    ,                    ,
서울특별시 종로구 숭인동 206-9 신설종합시장,"서울특별시 종로구 난계로27길 51, 신설종합시장 (숭인동)",신설종합시장(주),201727.670840565    ,452264.420237876    ,대규모점포
서울특별시 종로구 무악동 82 무악현대아파트,"서울특별시 종로구 통일로 246-10, 무악현대아파트 지하 1층 (무악동)",GS THE FRESH 무악현대점,196467.975088253    ,452566.134030104    ,준대규모점포
서울특별시 중구 남창동 49번지,서울특별시 중구 남대문시장4길 21 (남창동),서울남대문시장,197982.996630014    ,450791.073856769    ,대규모점포
,서울특별시 중구 마장로 30 (신당동),팀204,201121.306096947    ,451706.52701165     ,대규모점포
서울특별시 중구 충무로4가 120번지 3   호,서울특별시 중구 퇴계로 217 (충무로4가),진양상가,199571.599470393    ,451124.851387624    ,대규모점포
,서울특별시 중구 삼일대로 363 (장교동),상제리제상가,198744.433228989    ,451677.065126229    ,대규모점포
서울특별시 중구 신당동 776호,서울특별시 중구 마장로 19 (신당동),(주)에리어식스,200989.686611204    ,451762.261508835    ,대규모점포
서울특별시 중구 흥인동 3번지 4호,서울특별시 중구 다산로 274 (흥인동),우일타운,201390.623455546    ,451682.924382048    ,대규모점포
서울특별시 중구 신당동 772호,서울특별시 중구 장충단로 282-10 (신당동),남평화상가(주),200894.478544376    ,451877.080833985    ,대규모점포
서울특별시 중구 소공동 1번지,"서울특별시 중구 을지로 30 (소공동, 롯데호텔)",호텔롯데아케이드,198259.65357739     ,451392.198218657    ,대규모점포
서울특별시 중구 신당동 193번지 3호,서울특별시 중구 마장로 40 (신당동),에이피엠패션몰,201031.479363871    ,451759.262402974    ,대규모점포
,서울특별시 중구 퇴계로85길 22 (황학동),서울중앙시장,201680.067548359    ,451610.962163829    ,대규모점포
서울특별시 중구 을지로6가 18번지 35호,서울특별시 중구 장충단로 253 (을지로6가),헬로우에이피엠,200649.776732085    ,451689.785216541    ,대규모점포
서울특별시 중구 봉래동2가 122호,서울특별시 중구 청파로 426 (봉래동2가),롯데쇼핑(주)롯데마트 제타플렉스 서울역점,197242.994816102    ,450658.947895548    ,대규모점포
서울특별시 중구 신당1동 217번지 91호,서울특별시 중구 청계천로 334 (신당동),청평화시장,201250.876993355    ,451908.773811626    ,대규모점포
서울특별시 동대문구 장안동 368번지 1호,서울특별시 동대문구 답십리로 288 (장안동),(주)형지쇼핑 아트몰링 장안점,206325.349431713    ,452184.2101607      ,대규모점포
서울특별시 동대문구 제기동 1140번지 5호,서울특별시 동대문구 왕산로 117 (제기동),불로장생타워,203155.504921512    ,452914.607542858    ,대규모점포
서울특별시 동대문구 용두동 787번지 동의보감타워,,건강백화점 동의보감,203258.377206168    ,452834.064124525    ,대규모점포
서울특별시 동대문구 이문1동 292번지 10호 (주)이문종합상가 이문동웰츠타워,,대규모점포 개설등록,205396.363734301    ,455131.683241064    ,
서울특별시 동대문구 전농1동 591번지 53호,서울특별시 동대문구 왕산로 214 (전농동),롯데백화점 청량리역사점,204081.282117393    ,453187.395154017    ,대규모점포
서울특별시 동대문구 전농1동 591번지 53호,서울특별시 동대문구 왕산로 214 (전농동),롯데쇼핑(주)롯데마트 청량리점,204081.282117393    ,453187.395154017    ,대규모점포
,"서울특별시 중구 청계천로 260-9 (을지로6가, 통일의류종합상가)",통일상가,200530.360089273    ,451852.149537542    ,대규모점포
서울특별시 중구 신당동 193번지 2 호,서울특별시 중구 다산로 293 (신당동),디오트,201236.031514508    ,451872.409388295    ,대규모점포
서울특별시 중구 황학동 2545번지,서울특별시 중구 청계천로 400-0 (황학동),주식회사 이마트 청계천점,201823.908977364    ,452076.818664092    ,대규모점포
서울특별시 중구 황학동 2545번지,서울특별시 중구 청계천로 400 (황학동),베네치아메가몰,201823.908977364    ,452076.818664092    ,대규모점포
서울특별시 중구 명동2가 31번지 1호,"서울특별시 중구 명동8길 27 (명동2가, 엠 플라자)",엠플라자(M plaza),198619.38819773     ,451135.740279961    ,대규모점포
서울특별시 중구 을지로6가 18번지 21호 굿모닝시티쇼핑몰,"서울특별시 중구 장충단로 247 (을지로6가,굿모닝시티쇼핑몰)",굿모닝시티 쇼핑몰,200573.641273539    ,451621.036467544    ,대규모점포
서울특별시 중구 을지로6가 17번지 48호,서울특별시 중구  청계천로  274 (을지로6가),평화시장,200644.673810142    ,451908.700024524    ,대규모점포
서울특별시 중구 명동2가 83번지 5호,서울특별시 중구 명동길 14 (명동2가),눈스퀘어,198418.741655644    ,451237.168596152    ,대규모점포
서울특별시 중구 을지로4가 9번지 6호,서울특별시 중구 을지로 157 (을지로4가),대림상가,199534.329650967    ,451608.222852119    ,대규모점포
서울특별시 중구 충무로1가 52번지 5호 신세계백화점건물,"서울특별시 중구 소공로 63 (충무로1가,신세계백화점건물)",신세계백화점,198263.90839194     ,450960.762964932    ,대규모점포
서울특별시 중구 신당1동 213번지 8호,서울특별시 중구 마장로1길 22 (신당동),올레오,201040.352596045    ,451852.142613352    ,대규모점포
서울특별시 중구 신당1동 773번지,서울특별시 중구 마장로 3 (신당동),맥스타일,200863.594130764    ,451837.481623546    ,대규모점포
서울특별시 중구 을지로6가 17번지,서울특별시 중구 장충단로13길 20 (을지로6가),통일상가,200613.510297669    ,451817.515366883    ,대규모점포
,서울특별시 중구 마장로 13 (신당동),제일평화시장,200938.52813687     ,451798.00308625     ,대규모점포
,서울특별시 중구 남대문로 81 (소공동),롯데백화점 본점,198259.65357739     ,451392.198218657    ,대규모점포
서울특별시 중구 을지로6가 21번지 31호,서울특별시 중구 을지로 264 (을지로6가),던던 동대문점,200548.038848161    ,451497.626572161    ,대규모점포
서울특별시 중구 봉래동2가 122번지 11호,서울특별시 중구 한강대로 405 (봉래동2가),롯데아울렛 서울역점,197229.761422932    ,450418.159244379    ,대규모점포
서울특별시 중구 봉래동2가 120번지 11호,서울특별시 중구 한강대로 405 (봉래동2가),롯데아울렛 서울역점,197229.761422932    ,450418.159244379    ,대규모점포
서울특별시 중구 신당1동 777번지,서울특별시 중구 마장로1길 21 (신당동),(주)광희패션몰,200982.709076616    ,451817.384038629    ,대규모점포
,서울특별시 중구 다산로 32 (신당동),(주)지에스리테일 남산타운점,200750.455125653    ,449638.824308081    ,준대규모점포
서울특별시 중구 을지로6가 18번지 185호,서울특별시 중구 장충단로 263 (을지로6가),밀리오레,200664.582936542    ,451781.8683954      ,대규모점포
,서울특별시 중구 남대문로 30 (남창동),굳앤굳 디자이너월드,198095.7951961      ,450940.108370401    ,대규모점포
,서울특별시 중구 장충단로13길 34 (을지로6가),동화상가,200541.637728834    ,451814.45954577     ,대규모점포
,서울특별시 중구 을지로45길 62 (신당동),누죤,201058.678787938    ,451656.811051215    ,대규모점포
,서울특별시 중구 장충단로 275 (을지로6가),두타몰,200703.625559248    ,451836.458256618    ,대규모점포
,서울특별시 중구 남대문시장8길 7 (남창동),삼익패션타운,198073.063552064    ,450876.729406983    ,대규모점포
,서울특별시 중구 을지로36길 35 (오장동),중부시장,200092.165872111    ,451408.699344817    ,대규모점포
,서울특별시 중구 동호로37길 20 (방산동),방산종합시장,200002.952736046    ,451823.532462914    ,대규모점포
,서울특별시 중구 마장로1길 28 (신당동),아트프라자,201070.979414952    ,451874.637536958    ,대규모점포
,서울특별시 중구 다산로 32 (신당동),남산타운5상가,200750.455125653    ,449638.824308081    ,대규모점포
,서울특별시 중구 다산로 32 (신당동),남산타운2상가,200750.455125653    ,449638.824308081    ,대규모점포
,서울특별시 중구 장충단로 13-20 (을지로6가),현대시티타워,                    ,                    ,대규모점포
,서울특별시 중구 퇴계로 123 (충무로2가),하이해리엇,198636.2503948      ,451005.721641592    ,대규모점포
,서울특별시 중구 을지로45길 72 (신당동),디자이너크럽,201091.341041784    ,451683.057889184    ,대규모점포
,서울특별시 중구 명동8가길 27 (충무로2가),선싸인,198737.553769773    ,451081.894647871    ,대규모점포
,서울특별시 중구 마장로1길 18 (신당동),혜양엘리시움,201032.188139401    ,451831.342593242    ,대규모점포
,서울특별시 중구 소월로 9 (남창동),남정종합상가,197843.820719318    ,450717.353642797    ,대규모점포
,"서울특별시 중구 을지로 276 (을지로7가, apMPLACE)",에이피엠플레이스,200673.011457453    ,451443.279894262    ,대규모점포
,서울특별시 중구 다산로 222 (신당동),홈플러스익스프레스 신당점,201308.536482314    ,451174.365486466    ,준대규모점포
,"서울특별시 중구 마장로 22 (신당동, DDP FASHION MALL)",DDP FASHION MALL,200999.356221857    ,451654.418167327    ,대규모점포
,"서울특별시 중구 만리재로 175, 401동 9,10,11호 (만리동2가)",지에스수퍼마켓 중구만리점,196697.116895888    ,450217.095147509    ,준대규모점포
서울특별시 중구 산림동 207번지 1호 세운청계상가,"서울특별시 중구 청계천로 160, 세운청계상가 (산림동)",청계상가,199521.200809167    ,451751.424132583    ,대규모점포
서울특별시 중구 남대문로2가 9-1,,센터포인트 명동,198401.701305913    ,451374.312212737    ,대규모점포
서울특별시 중구 충무로1가 21-17,서울특별시 중구 명동8나길 38 (충무로1가),Chapter M,198403.083197305    ,451049.012425837    ,대규모점포
서울특별시 용산구 한강로1가 191호,,국제센터아케이드,197646.514005514    ,447909.070650149    ,
서울특별시 용산구 한강로2가 413호,서울특별시 용산구 청파로 113-12 (한강로2가),(주)전자타운,196775.639878418    ,447984.6345458      ,
서울특별시 용산구 한강로2가 191호,서울특별시 용산구 한강대로 92 (한강로2가),LS Avenue,197099.381481836    ,447328.548832245    ,대규모점포
서울특별시 용산구 한강로2가 413호,서울특별시 용산구 청파로 113-12 (한강로2가),전자타운,196775.639878418    ,447984.6345458      ,대규모점포
서울특별시 용산구 이태원동 56번지 9호,서울특별시 용산구 이태원로14길 6 (이태원동),이태원시장,199051.158829761    ,447953.601666521    ,대규모점포
서울특별시 용산구 한강로2가 15번지 14호,"서울특별시 용산구 새창로 181 (한강로2가, 선인상가)",선인상가,196839.641743356    ,447863.232025192    ,대규모점포
서울특별시 용산구 한강로3가 40번지 999호,서울특별시 용산구 한강대로23길 55 (한강로3가),아이파크(I PARK)백화점,196762.077394917    ,447480.039577359    ,대규모점포
서울특별시 용산구 서계동 260번지 1호,서울특별시 용산구 효창원로 270 (서계동),만리시장,196716.165873094    ,449892.557718372    ,대규모점포
서울특별시 용산구 이태원동 119번지 25호,서울특별시 용산구 이태원로 179 (이태원동),해밀톤 쇼핑몰,199363.595799729    ,448050.926289223    ,대규모점포
서울특별시 용산구 한강로3가 16번지 9호,서울특별시 용산구 청파로 74 (한강로3가),(주)에스와이에스홀딩스,196370.746398773    ,447841.698787531    ,대규모점포
서울특별시 용산구 한강로3가 1번지 1호 나진상가,"서울특별시 용산구 청파로 109, 나진상가 (한강로3가)",나진산업 주식회사,196697.031086973    ,447931.108267379    ,대규모점포
서울특별시 용산구 원효로3가 51번지 30호,서울특별시 용산구 청파로 77 (원효로3가),원효전자상가,196385.232032928    ,447938.19246116     ,대규모점포
서울특별시 용산구 용산동6가 69번지 167호,서울특별시 용산구 이촌로 352 (용산동6가),신동아 쇼핑센터,198622.89264988     ,446114.155238838    ,
서울특별시 용산구 한남동 631번지 5호 허준빌딩,"서울특별시 용산구 대사관로34길 26, 허준빌딩 1층 (한남동)",롯데슈퍼 한남점(가맹점),200431.145594386    ,447763.414163072    ,준대규모점포
서울특별시 용산구 남영동 93번지 30호,서울특별시 한강대로77길 12,롯데프레시 갈월점,197443.881826007    ,448884.957554763    ,준대규모점포
서울특별시 용산구 원효로1가 133-3 리첸시아 용산,"서울특별시 용산구 백범로 341 (원효로1가, 리첸시아 용산)",롯데쇼핑(주)롯데슈퍼원효로점,197045.849468346    ,448447.558967085    ,준대규모점포
서울특별시 용산구 한강로3가 63-70,"서울특별시 용산구 서빙고로 17, 용산해링턴스퀘어 C동 1층 111~115호 (한강로3가)",GS THE FRESH 용산해링턴점,197056.728931087    ,447077.126289262    ,준대규모점포
서울특별시 용산구 한강로3가 1-1 나진상가,"서울특별시 용산구 청파로 109, 나진상가 14동 (한강로3가)",나진전자월드상가,196697.031086973    ,447931.108267379    ,대규모점포
서울특별시 용산구 이촌동 302-52 LG프라자,"서울특별시 용산구 이촌로 200, LG프라자 지하1층 (이촌동)",GS THE FRESH 용산이촌점,197221.439324261    ,446524.508385914    ,준대규모점포
서울특별시 용산구 한강로2가 15-2 나진상가,"서울특별시 용산구 청파로 125, 나진상가 (한강로2가)","나진상가 17,18동",196873.001604976    ,447960.206197372    ,대규모점포
서울특별시 용산구 이태원동 254-5 일각빌딩,"서울특별시 용산구 회나무로13길 20-4, 일각빌딩 1층 (이태원동)",이마트에브리데이 이태원점,199034.580692003    ,448669.474748983    ,준대규모점포
서울특별시 성동구 성수동2가 335번지,서울특별시 성동구 성수이로 32-15 (성수동2가),뚝도시장,204775.366000022    ,448395.587760252    ,대규모점포
서울특별시 성동구 금호동3가 332번지,서울특별시 성동구 독서당로 303-11 (금호동3가),금남시장,201939.255278432    ,449589.21383235     ,대규모점포
서울특별시 성동구 용답동 234번지 한국자동차매매센터,"서울특별시 성동구 자동차시장1길 70 (용답동, 장안평중고자동차시장)",자동차매매센타,205784.868811814    ,450883.524006222    ,대규모점포
서울특별시 성동구 옥수동 220번지 1호 한남하이츠아파트,"서울특별시 성동구 독서당로 160, 한남하이츠아파트 (옥수동)",한남하이츠상가,201181.598996876    ,448609.588125745    ,대규모점포
서울특별시 성동구 행당동 347번지 행당동 대림아파트,"서울특별시 성동구 행당로 87, 행당동 대림아파트 (행당동)",대림리빙프라자,202326.503044305    ,450625.58422744     ,대규모점포
서울특별시 성동구 행당동 346번지 행당 한진타운 종합상가,"서울특별시 성동구 행당로 84, 행당 한진타운 종합상가 (행당동)",한진종합상가,202511.142930696    ,450401.303715561    ,대규모점포
서울특별시 성동구 마장동 510번지 3호 일대,"서울특별시 성동구 마장로31길 40 (마장동,일대)",마장축산물시장,203323.787758273    ,451940.205444395    ,
서울특별시 성동구 왕십리도선동 69번지,서울특별시 성동구 무학로6길 50 (도선동),성동삼성쉐르빌상가,203017.021457357    ,451346.281102634    ,대규모점포
서울특별시 성동구 행당동 168번지 1호,서울특별시 성동구 왕십리광장로 17 (행당동),(주)이마트 왕십리점,203292.151783332    ,451267.730992123    ,대규모점포
서울특별시 성동구 행당동 168번지 151호 왕십리민자역사,"서울특별시 성동구 왕십리광장로 17, 왕십리민자역사 (행당동)",ENTER-6,203321.562330114    ,451001.868687869    ,대규모점포
서울특별시 성동구 왕십리2동 966번지 11호,서울특별시 성동구 왕십리로 333 (하왕십리동),홈플러스(주) 익스프레스 왕십리점,202806.018487131    ,451160.356013436    ,준대규모점포
서울특별시 성동구 금호동3가 1331번지,서울특별시 성동구 동호로 100 (금호동3가),홈플러스(주) 익프스레스 금호2점,201383.023709556    ,449744.280482389    ,준대규모점포
서울특별시 성동구 금호동1가 481번지 5호,서울특별시 성동구 행당로 6 (금호동1가),홈플러스(주) 익스프레스 금호점,201772.807083568    ,450250.366445197    ,준대규모점포
서울특별시 성동구 하왕십리동 1070 센트라스,"서울특별시 성동구 왕십리로 410, 상가(L)동 지하1층 B102,B103호 (하왕십리동, 센트라스)",GS THE FRESH 성동센트라스점,202372.912023599    ,451536.680876573    ,준대규모점포
서울특별시 성동구 상왕십리동 811 텐즈힐,"서울특별시 성동구 마장로 137, 221동 1층 1230호,1231호,1232(일부)호 (상왕십리동, 텐즈힐)",GS THE FRESH 성동텐즈힐점,202113.869605464    ,451897.581865192    ,준대규모점포
서울특별시 성동구 성수동1가 656-1208 성수만세주유소,"서울특별시 성동구 왕십리로 109, 성수만세주유소 1층 (성수동1가)",GS THE FRESG 서울숲점,203841.225547969    ,449475.540141228    ,준대규모점포
서울특별시 성동구 옥수동 561 래미안 옥수 리버젠 상가,"서울특별시 성동구 독서당로 223, 래미안 옥수 리버젠 상가 상가동 423~428호 (옥수동)",GS THE FRESH 성동옥수점,201153.981577199    ,449188.97052419     ,준대규모점포
서울특별시 광진구 자양동 44번지 2호,서울특별시 광진구 뚝섬로 491 (자양동),노룬산시장,205663.081069121    ,448250.363358949    ,대규모점포
서울특별시 광진구 자양동 6번지 20호,서울특별시 광진구 아차산로30길 39 (자양동),조양시장,205886.288968009    ,448517.338628068    ,대규모점포
서울특별시 광진구 중곡동 229번지 5호,서울특별시 광진구 긴고랑로11길 11 (중곡동),중곡제일시장,207114.498872176    ,451296.049443757    ,대규모점포
서울특별시 광진구 중곡동 79번지 13호,서울특별시 광진구 영화사로 12 (중곡동),신성종합시장,207747.893953282    ,450639.201015458    ,대규모점포
서울특별시 광진구 자양동 602호,서울특별시 광진구 자양번영로6길 20 (자양동),자양종합시장,206686.364451141    ,447752.463189936    ,대규모점포
서울특별시 광진구 화양동 10번지 1호,서울특별시 광진구 능동로13길 39 (화양동),한아름시장,206107.775163579    ,449029.342177779    ,대규모점포
서울특별시 광진구 중곡동 229번지 15호,서울특별시 광진구 능동로47길 30 (중곡동),광성시장,207098.994772766    ,451260.44574067     ,대규모점포
서울특별시 광진구 구의동 546번지 1호,서울특별시 광진구 강변역로 50 (구의동),동서울터미널상가,208201.993320839    ,447967.299542306    ,대규모점포
서울특별시 광진구 광장동 484호,서울특별시 광진구 광나루로 635 (광장동),현대종합상가,208644.819209521    ,448711.725750126    ,대규모점포
서울특별시 광진구 구의동 611호,서울특별시 광진구 광나루로56길 34 (구의동),구의현대종합상가,208403.746065593    ,448490.239179557    ,대규모점포
서울특별시 광진구 구의동 631번지 1호,서울특별시 광진구 광나루로56길 63 (구의동),프라임프라자상가,208558.286631653    ,448353.905156369    ,대규모점포
서울특별시 광진구 구의동 546번지 4호,서울특별시 광진구 광나루로56길 85 (구의동),테크노-마트21,208394.416382167    ,448165.279999905    ,대규모점포
서울특별시 광진구 구의동 546번지 4호,서울특별시 광진구 광나루로56길 85 (구의동),롯데쇼핑(주)롯데마트 강변점,208394.416382167    ,448165.279999905    ,대규모점포
서울특별시 광진구 자양동 663번지 21  호,서울특별시 광진구 자양로5길 33 (자양동),프라젠 스파,207368.624495222    ,447632.296040333    ,대규모점포
서울특별시 광진구 자양동 227번지 7호,서울특별시 광진구 아차산로 272 (자양동),(주)이마트 자양점,206349.675048285    ,448396.939704285    ,대규모점포
서울특별시 광진구 자양동 227번지 342호 롯데백화점 스타시티점,서울특별시 광진구 능동로 92 (자양동),롯데백화점 건대스타시티점,206217.434726027    ,448506.218743834    ,대규모점포
서울특별시 광진구 군자동 503번지,서울특별시 광진구 광나루로 369 (군자동),파크에비뉴,206212.244268239    ,449577.174890763    ,대규모점포
서울특별시 광진구 중곡1동 229번지 5호,서울특별시 광진구 긴고랑로11길 11 (중곡동),(주)이마트에브리데이 중곡동점,207114.498872176    ,451296.049443757    ,준대규모점포
서울특별시 광진구 화양동 10번지 1호,서울특별시 광진구 능동로13길 39 (화양동),(주)지에스리테일GS수퍼 광진화양점,206107.775163579    ,449029.342177779    ,준대규모점포
,서울특별시 성동구 왕십리로 241 (행당동),파크에비뉴 엔터식스 한양대점,203481.628249668    ,450468.773302861    ,대규모점포
서울특별시 광진구 중곡4동 93번지 2호,서울특별시 광진구 용마산로 10 (중곡동),홈플러스익스프레스 중곡2점,207778.71422042     ,450256.437261231    ,준대규모점포
서울특별시 광진구 중곡2동 157번지 1호,서울특별시 광진구 능동로 314 (중곡동),홈플러스(주)익스프레스 중곡점,207001.872308692    ,450597.61492646     ,준대규모점포
서울특별시 양천구 신정동 1278 목동삼성아파트,"서울특별시 양천구 신목로 7, 상가동 지하1층 101~104호 (신정동, 목동삼성아파트)",GS THE FRESH 목동신목점,189000.48603009     ,445955.944424525    ,준대규모점포
서울특별시 동대문구 회기동 33-1,서울특별시 동대문구 회기로21길 44 (회기동),GS THE FRESH 경희대학교점,204599.373004139    ,454552.779662883    ,준대규모점포
서울특별시 동대문구 이문동 149-8,서울특별시 동대문구 이문로 120 (이문동),하나로마트 외대역점,205541.211931615    ,455132.605075423    ,준대규모점포
서울특별시 용산구 한강로3가 40번지 999호,서울특별시 용산구 한강대로23길 55 (한강로3가),아이파크몰(I PARK MALL),196762.077394917    ,447480.039577359    ,대규모점포
서울특별시 서초구 양재동 9 코사마트,서울특별시 서초구 남부순환로356길 49 (양재동),이마트에브리데이 양재역점,203342.695983882    ,442297.080663687    ,준대규모점포
서울특별시 양천구 목동 966번지 목동에버하임,"서울특별시 양천구 목동중앙북로 68 (목동, 목동에버하임)",목동에버하임,188502.886822432    ,449377.63880433     ,대규모점포
서울특별시 양천구 신정동 995-2,서울특별시 양천구 목동로 183(신정동),(주)이마트에브리데이 목동역점,187929.395106977    ,446964.609090888    ,준대규모점포
서울특별시 양천구 신정동 86-1,서울특별시 양천구 목동동로 196(신정동),홈플러스 익스프레스 오목교점,188565.074701959    ,446750.881633578    ,준대규모점포
서울특별시 양천구 목동 547-12,서울특별시 양천구 목동중앙본로 95 (목동),GS THE FRESH 양천목2동점,188456.486375706    ,449112.890911306    ,준대규모점포
서울특별시 강서구 방화동 620호,,(주)공항시장,                    ,                    ,대규모점포
서울특별시 강서구 등촌동 639번지 11호,서울특별시 강서구  화곡로  398 (등촌동),홈플러스(주) 강서점,187119.948165892    ,450691.593173724    ,대규모점포
서울특별시 강서구 방화동 567번지 4호,서울특별시 강서구 방화동로 126 (방화동),삼정프라자,183315.556652953    ,452204.165533971    ,대규모점포
서울특별시 강서구 염창동 264번지 18호,서울특별시 강서구 공항대로71길 49 (염창동),스페이스프라자,188692.033242329    ,449699.83258499     ,대규모점포
서울특별시 강서구 내발산동 719번지 6호,서울특별시 강서구 강서로 267 (내발산동),송화시장,185431.066605778    ,449714.813765198    ,대규모점포
서울특별시 강서구 방화2동 886번지 외6필지,"서울특별시 강서구 하늘길 38 (방화동, 롯데몰 김포공항)",롯데몰 김포공항,182524.823835629    ,451438.25089679     ,대규모점포
서울특별시 강서구 화곡3동 1065번지 8호,서울특별시 강서구 화곡로 153 (화곡동),홈플러스(주) 익스프레스 화곡점,185681.122656637    ,448813.441620263    ,준대규모점포
서울특별시 강서구 화곡4동 830번지 1호,서울특별시 강서구 등촌로5길 80 (화곡동),씨에스유통 (롯데슈퍼화곡2점),187464.403178638    ,447877.710664426    ,준대규모점포
서울특별시 강서구 등촌3동 689번지 외 2,서울특별시 강서구 강서로56길 17 (등촌동),(주) 이랜드리테일 강서점,185824.428508883    ,450866.252126246    ,대규모점포
서울특별시 강서구 방화2동 533번지 9호,서울특별시 양천로6길 15,롯데쇼핑(주)롯데슈퍼개화산점,182944.731406147    ,452207.427296372    ,준대규모점포
서울특별시 송파구 문정동 618 파크하비오,"서울특별시 송파구 송파대로 111, 하비오길동 제1층 호텔로 202동 (문정동, 파크하비오)",GS THE FRESH 송파하비오점,210868.397496689    ,442053.227933005    ,준대규모점포
서울특별시 송파구 석촌동 5-8,서울특별시 송파구 백제고분로33길 25 (석촌동),GS THE FRESH 송파석촌호수점,208648.850084121    ,444767.440404014    ,준대규모점포
서울특별시 송파구 방이동 103-15,"서울특별시 송파구 올림픽로32길 53, 1층 (방이동)",GS THE FRESH 송파나루역점,209841.106799057    ,445595.125934631    ,준대규모점포
서울특별시 송파구 문정동 55-6 문정역 마에스트로,"서울특별시 송파구 문정로 1, 지층 B104호-B107호 (문정동, 문정역 마에스트로)",GS THE FRESH 문정역점,210813.51310976     ,442691.180644406    ,준대규모점포
서울특별시 송파구 신천동 20-4 래미안아이파크 단지내 상가 B101~B106,"서울특별시 송파구 올림픽로35길 45, 잠실래미안아이파크 단지내 상가 B101~B106호 (신천동)",GS THE FRESH 잠실래미안점,209720.290631496    ,446244.350393389    ,준대규모점포
서울특별시 강동구 천호동 455번지 8호,"서울특별시 강동구 천호대로 1005 (천호동, 현대백화점)",현대백화점 천호점,210929.919693661    ,448537.406728283    ,대규모점포
서울특별시 강동구 명일동 46번지 4 호,서울특별시 강동구 고덕로 276 (명일동),(주)이마트명일점,213700.877714971    ,450278.100930843    ,대규모점포
서울특별시 강동구 명일동 46번지 4호,,신세계 이마트 명일점,213700.877714971    ,450278.100930843    ,
서울특별시 강동구 성내동 428번지 2호,서울특별시 강동구 양재대로89길 16 (성내동),파크프라자 상가,211838.35431041     ,447195.676766748    ,대규모점포
서울특별시 강동구 천호동 454번지 1호,서울특별시 강동구 천호대로 1017 (천호동),(주)이마트천호점,211025.924972294    ,448495.189151526    ,대규모점포
서울특별시 송파구 거여동 202-180 송파시그니처롯데캐슬,"서울특별시 송파구 거마로 56(거여동, 송파시그니처롯데캐슬)",GS THE FRESH 송파시그니처점,213149.522764117    ,443705.473072412    ,준대규모점포
서울특별시 강서구 화곡1동 343번지 52호,서울특별시 강서구 강서로 43 (화곡동),롯데쇼핑(주)롯데슈퍼화곡점,186366.013413728    ,447719.836723478    ,준대규모점포
,"서울특별시 강서구 화곡로 274 (화곡동, 외4필지 크라운뷰 1층 104~109)",(주)이마트에브리데이 화곡동점,186456.187657133    ,449645.45192818     ,준대규모점포
서울특별시 강서구 내발산동 719번지 6호,서울특별시 강서구 강서로 267 (내발산동),롯데쇼핑(주)롯데슈퍼 우장산점,185431.066605778    ,449714.813765198    ,준대규모점포
서울특별시 강서구 방화1동 187번지 1호,서울특별시 강서구 방화대로34길 83 (방화동),롯데쇼핑(주)롯데슈퍼 방화점,184102.782470646    ,452097.370050563    ,준대규모점포
서울특별시 강서구 화곡동 970번지 2호,서울특별시 강서구 까치산로 106 (화곡동),홈플러스익스프레스 화곡2점,186614.431263557    ,449481.253638067    ,준대규모점포
서울특별시 강서구 화곡1동 1071번지 19호,"서울특별시 강서구 화곡로18길 24 (화곡동, 강서 뉴타워)",강서 뉴타워,185384.322720871    ,448552.124723353    ,대규모점포
서울특별시 강서구 염창동 249번지 8호 1층,"서울특별시 강서구 양천로 687, 1층 (염창동)",(주)지에스리테일 염창점,188680.48304204     ,449829.694259357    ,준대규모점포
서울특별시 강서구 가양동 54번지 5호,서울특별시 강서구 양천로 410 (가양동),노브랜드 강서가양점,186374.463682775    ,451431.251130887    ,준대규모점포
서울특별시 강서구 가양동 1458번지 9호 동남빌딩,"서울특별시 강서구 허준로 16-12, 동남빌딩 (가양동)",㈜이마트에브리데이 양천향교역점,186080.902016621    ,451971.178722228    ,준대규모점포
서울특별시 강서구 마곡동 768번지 2호 동익드미라벨복합빌딩,"서울특별시 강서구 마곡서로 101, 동익드미라벨복합빌딩 (마곡동)",노브랜드 강서마곡점,184345.724012817    ,451171.287709396    ,준대규모점포
서울특별시 강서구 등촌동 73-1 금부빌딩,"서울특별시 강서구 양천로 476, 금부빌딩 (등촌동)",(주)이마트에브리데이 가양역점,186966.036176588    ,451047.287263879    ,준대규모점포
서울특별시 강서구 화곡동 1175 화곡 더리브 스카이,"서울특별시 강서구 가로공원로80길 40 (화곡동, 화곡 더리브 스카이)",화곡 더리브스카이,                    ,                    ,대규모점포
서울특별시 강서구 염창동 242-11 한희빌딩,"서울특별시 강서구 양천로67길 15, 한희빌딩 1층 (염창동)",GS THE FRESH 강서증미역점,188237.941732745    ,450314.08791281     ,준대규모점포
서울특별시 강서구 마곡동 769 원그로브,"서울특별시 강서구 공항대로 165, 원그로브 (마곡동)",원그로브몰,184449.736274095    ,451015.135227088    ,대규모점포
서울특별시 강서구 마곡동 767-4 롯데캐슬 르웨스트,"서울특별시 강서구 마곡중앙로 111 (마곡동, 롯데캐슬 르웨스트)",LEWEST B관,184504.783680584    ,451283.535222297    ,대규모점포
서울특별시 강서구 마곡동 767,서울특별시 강서구 마곡중앙로 143 (마곡동),LEWEST A관,184522.907834771    ,451531.924488537    ,대규모점포
서울특별시 강서구 마곡동 739-4 마곡헤리움1차,"서울특별시 강서구 마곡서1로 115-1, 마곡헤리움1차 111~114호 (마곡동)",GS THE FRESH 신방화역점,183901.209920497    ,451618.937363136    ,준대규모점포
서울특별시 강서구 염창동 273,서울특별시 강서구 공항대로61길 36 (염창동),GS THE FRESH 강서등촌역점,188106.945381987    ,450022.470582738    ,준대규모점포
서울특별시 구로구 구로동 736번지 1   호,,구로시장,                    ,                    ,
서울특별시 강서구 화곡3동 1051번지 27호,서울특별시 강서구 강서로 179 (화곡동),롯데쇼핑(주)롯데슈퍼화곡3동점,185725.161390724    ,448911.264785071    ,준대규모점포
서울특별시 강동구 천호동 563번지,서울특별시 강동구 구천면로 189 (천호동),이천일아울렛 천호점,211055.486155787    ,448786.697371515    ,대규모점포
서울특별시 강동구 성내동 25번지 1호,서울특별시 강동구 천호대로162길 34 (성내동),이안강동주상복합상가,211238.661063855    ,448150.595848877    ,대규모점포
서울특별시 강동구 길동 414번지 10호,서울특별시 강동구 진황도로 99 (길동),강동한신휴플러스,212081.019857419    ,448209.124823551    ,대규모점포
서울특별시 강동구 천호동 42번지,서울특별시 강동구 양재대로 1571 (천호동),홈플러스 강동점,212501.369116329    ,449282.31038379     ,대규모점포
서울특별시 강동구 길동 339번지 1호,서울특별시 강동구 양재대로124길 32 (길동),동서울오네뜨상가,212624.891449347    ,448937.811380947    ,대규모점포
서울특별시 강동구 명일1동 312번지 99호,서울특별시 강동구 양재대로 1630 (명일동),(주)지에스리테일 명일점,212676.162193508    ,449910.881572138    ,준대규모점포
서울특별시 강동구 암사3동 414번지 18호 강동롯데캐슬퍼스트아파트,서울특별시 강동구 고덕로 133 (암사동),(주)지에스리테일 암사캐슬점,212334.9584644      ,450346.790651613    ,준대규모점포
서울특별시 강동구 암사1동 473번지 3호,서울특별시 강동구 고덕로24길 50 (암사동),홈플러스(주) 익스프레스 암사점,211868.244314608    ,450020.355211693    ,준대규모점포
서울특별시 강동구 성내1동 521번지,서울특별시 강동구 풍성로 138 (성내동),홈플러스(주) 익스프레스 성내점,211185.497701374    ,447670.852055872    ,준대규모점포
서울특별시 강동구 명일동 15 삼익그린맨션,"서울특별시 강동구 명일로 375, 삼익그린맨션 지하1층 (명일동)",(주)이마트에브리데이 명일동점,213048.692179757    ,450124.105734971    ,준대규모점포
서울특별시 강동구 길동 391번지 2호,서울특별시 강동구 양재대로 1486 (길동),홈플러스(주)익스프레스 길동점,212349.37381605     ,448466.105629578    ,준대규모점포
서울특별시 강동구 성내1동 451번지,서울특별시 강동구 올림픽로 528 (성내동),(주)농협유통 하나로마트 성내점,210566.875626134    ,447402.629676369    ,준대규모점포
서울특별시 강동구 길동 384번지 1호,서울특별시 강동구 성안로 176 (길동),롯데쇼핑㈜롯데슈퍼길동점,211983.181564983    ,448483.889140704    ,준대규모점포
서울특별시 강동구 암사3동 451번지 16호,,양지종합시장,212082.014198045    ,450348.793644384    ,대규모점포
서울특별시 강동구 명일동 48번지,서울특별시 강동구  고덕로62길  55 (명일동),주양쇼핑,213493.90717524     ,450038.847319845    ,대규모점포
서울특별시 강동구 천호동 410번지 100호,서울특별시 강동구 진황도로 12 (천호동),천호코오롱상가,211279.030241561    ,448548.819716671    ,대규모점포
서울특별시 구로구 오류동 38번지 7   호,,오류시장,                    ,                    ,
서울특별시 구로구 고척동 50번지 48  호,,고척시장,                    ,                    ,
서울특별시 구로구 구로동 169번지 2   호,,배영설비(주),                    ,                    ,
서울특별시 구로구 개봉동 324번지 1   호,,개봉중앙시장,                    ,                    ,
서울특별시 구로구 개봉동 361번지 1   호,,개봉제일시장,                    ,                    ,
서울특별시 구로구 고척동 103번지 4호,"서울특별시 구로구 중앙로3길 50 (고척동, 고척산업용품종합상가)",고척산업용품상가,187619.596959162    ,444186.923109714    ,대규모점포
서울특별시 구로구 구로동 685번지 140호,서울특별시 구로구 구일로10길 93 (구로동),사모아종합상가,189052.101789082    ,443748.279289935    ,
서울특별시 구로구 고척동 269번지 1   호,,개봉프라자,                    ,                    ,
서울특별시 구로구 구로동 614번지 33  호,,라이프공구종합상가,                    ,                    ,
서울특별시 구로구 구로동 604번지 1   호,,서울구로기계공구상가,                    ,                    ,
서울특별시 구로구 구로동 636번지 62  호,,공구상가일번지,                    ,                    ,
서울특별시 구로구 고척동 73번지 3   호,"서울특별시 구로구 경인로 393-7 (고척동, 123전자타운)",일이삼전자타운,187826.698183821    ,443925.52468616     ,대규모점포
서울특별시 구로구 구로동 188번지 26  호,,이마트구로점,                    ,                    ,
서울특별시 강동구 고덕동 217번지 고덕그라시움아파트(상가1동),"서울특별시 강동구 고덕로 353, 고덕그라시움아파트(상가1동) 지하1층 108-119,128호 (고덕동)",지에스 더프레시(GS THE FRESH) 고덕그라시움점,214299.644266879    ,450637.954760292    ,준대규모점포
서울특별시 강동구 천호동 423-200,,강동밀레니얼 중흥S-클래스 쇼핑센터,211150.812213612    ,448805.145144628    ,대규모점포
서울특별시 강동구 성내동 293-12 바로빌딩,"서울특별시 강동구 풍성로38길 9, 바로빌딩 1층 (성내동)",GS THE FRESH 강동성내점,211027.51175299     ,447708.22061393     ,준대규모점포
서울특별시 강동구 고덕동 353-23,,고덕비즈밸리 유통판매 복합시설,213847.923700142    ,451564.469961363    ,대규모점포
서울특별시 강동구 둔촌동 451-1,서울특별시 강동구 진황도로 165 (둔촌동),롯데슈퍼 강동둔촌점,212502.058380013    ,447693.22037196     ,준대규모점포
서울특별시 강동구 둔촌동 170-1 포레온스테이션5,"서울특별시 강동구 양재대로 1360, 포레온스테이션5 (둔촌동)",하나로마트 둔촌점,212195.109947109    ,447197.273286818    ,준대규모점포
서울특별시 강동구 둔촌동 170-1 포레온스테이션5,"서울특별시 강동구 양재대로 1360, 포레온스테이션5 (둔촌동)",GS THE FRESH 둔촌포레온점,212195.109947109    ,447197.273286818    ,준대규모점포
"서울특별시 강동구 둔촌동 174-1 B102,B103호",,(주)이마트에브리데이 둔촌점,212027.481158905    ,446598.591776331    ,준대규모점포
서울특별시 강동구 둔촌동 170-1 포레온스테이션5,"서울특별시 강동구 양재대로 1360, 포레온스테이션5 (둔촌동)",올림픽파크포레온 스테이션5,212195.109947109    ,447197.273286818    ,대규모점포
서울특별시 강동구 둔촌동 174-1 올림픽파크포레온,"서울특별시 강동구 양재대로 1300 (둔촌동, 올림픽파크포레온)",올림픽파크포레온 스테이션9,212027.481158905    ,446598.591776331    ,대규모점포
서울특별시 구로구 신도림동 337번지 신도림1차푸르지오,"서울특별시 구로구 경인로 661, 신도림1차푸르지오 (신도림동)",홈플러스(주) 신도림점,190005.132500398    ,445250.538868558    ,대규모점포
서울특별시 구로구 구로동 3번지 25호 외 31필지,"서울특별시 구로구 새말로 97 (구로동,외 31필지)",(주) 이마트 신도림점,190232.524534335    ,444978.682746138    ,대규모점포
서울특별시 구로구 구로동 501번지,서울특별시 구로구 구로중앙로 134 (구로동),나인스에비뉴,189682.799434964    ,444193.860003095    ,대규모점포
서울특별시 구로구 구로동 3번지 25호 외 31필지,"서울특별시 구로구 새말로 97 (구로동,외 31필지)",신도림 테크노마트,190232.524534335    ,444978.682746138    ,대규모점포
서울특별시 구로구 구로동 188번지 26호,서울특별시 구로구 디지털로32길 43 (구로동),(주)이마트 구로점,190901.977946718    ,442466.813410528    ,대규모점포
서울특별시 구로구 구로동 685번지 140호,서울특별시 구로구 구일로10길 93 (구로동),사모아종합상가,189052.101789082    ,443748.279289935    ,대규모점포
서울특별시 구로구 구로동 1258번지,서울특별시 구로구 경인로53길 15 (구로동),중앙유통단지,188840.515865617    ,444306.771104527    ,대규모점포
서울특별시 구로구 구로동 604번지 1호,서울특별시 구로구 구로중앙로 198 (구로동),서울구로기계공구상가,189277.761702183    ,444671.551731639    ,대규모점포
서울특별시 구로구 구로동 614번지 33호,서울특별시 구로구 구로중앙로 237 (구로동),라이프공구상가,188907.966108621    ,444898.367647601    ,대규모점포
서울특별시 구로구 고척동 103번지 4호,"서울특별시 구로구 경인로43길 42 (고척동, 고척산업용품상가)",고척산업용품상가,187619.596959162    ,444186.923109714    ,대규모점포
서울특별시 구로구 고척동 83번지 6호,서울특별시 구로구 중앙로3길 49 (고척동),동국종합상가,187718.801171032    ,444056.996752313    ,대규모점포
서울특별시 구로구 구로동 636번지 62호,서울특별시 구로구 경인로54길 4 (구로동),공구상가일번지관리단,189134.15447044     ,444274.729874348    ,대규모점포
서울특별시 구로구 고척동 73번지 3호,서울특별시 구로구 경인로 393-7 (고척동),일이삼전자타운,187826.698183821    ,443925.52468616     ,대규모점포
서울특별시 구로구 고척동 269번지 1호,서울특별시 구로구 고척로40길 19 (고척동),개봉프라자,186769.616926353    ,444433.221606826    ,대규모점포
서울특별시 구로구 고척동 50번지 48호,서울특별시 구로구 중앙로 64 (고척동),고척스카이프라자,187798.86926511     ,444629.704821749    ,대규모점포
서울특별시 구로구 개봉동 361번지 1호,서울특별시 구로구 개봉로3길 51 (개봉동),개봉제일시장,186968.288544829    ,442651.907780511    ,대규모점포
"서울특별시 구로구 개봉동 324-1, 324-11,324-13  1층",서울특별시 구로구 개봉로17길 34 (개봉동),(주)이마트에브리데이 개봉동점,187009.804317689    ,443285.606966752    ,준대규모점포
서울특별시 구로구 오류2동 160번지  외 2필지,"서울특별시 구로구 서해안로 2293 (오류동,외 2필지)",홈플러스 익스프레스 서울오류점,185756.174922711    ,443268.099008657    ,준대규모점포
서울특별시 구로구 개봉1동 156번지 18호 외 1필지 대림프라자 101호,"서울특별시 구로구 경인로 319 (개봉동,외 1필지 대림프라자 101호)",홈플러스 익스프레스 개봉점,187158.443830013    ,443952.561879682    ,준대규모점포
"서울특별시 구로구 구로1동 650번지 4호 SK허브수 제B동 제118호,제119호,제121호~126호","서울특별시  구일로10길 27, B동 1층 (제118호,제119호,제121호~126호)",홈플러스 익스프레스 서울구로점,188674.995072188    ,443749.503020388    ,준대규모점포
서울특별시 구로구 구로동 573,서울특별시 구로구 구로중앙로 152 (구로동),이랜드리테일 NC구로점,189570.360930049    ,444336.051330144    ,대규모점포
서울특별시 구로구 고척동 100-7,,고척아이파크쇼핑센터,187477.579440706    ,444045.294921843    ,대규모점포
서울특별시 금천구 시흥동 831번지 6호,서울특별시 금천구 금하로 705 (시흥동),시흥중앙시장,191823.026849977    ,438834.378061101    ,
서울특별시 금천구 시흥동 884번지 5호,서울특별시 금천구 시흥대로52길 70 (시흥동),대명합동시장,191241.048445241    ,439137.99206467     ,
서울특별시 금천구 시흥동 1002번지 1호,서울특별시 금천구 시흥대로47길 43 (시흥동),럭키남서울상가,191026.637157812    ,438701.205634976    ,
서울특별시 금천구 시흥동 966호,서울특별시 금천구 시흥대로 46 (시흥동),시흥중앙철재상가,191390.785127877    ,437280.574150819    ,대규모점포
서울특별시 금천구 시흥동 984번지 6호,서울특별시 금천구 시흥대로 109 (시흥동),시흥산업용재유통센타,191384.606290141    ,437986.940834791    ,
서울특별시 금천구 독산동 293번지 5호,서울특별시 금천구 범안로 1209 (독산동),유창상가,190771.595589599    ,440515.66903538     ,
서울특별시 금천구 독산동 295-10 롯데마트 맥스 금천점,"서울특별시 금천구 두산로 71, 롯데마트 맥스 금천점 (독산동)",롯데쇼핑(주) 롯데마트맥스 금천점,190704.904312713    ,440940.384414334    ,대규모점포
서울특별시 금천구 독산동 291-7 홈플러스 금천점,"서울특별시 금천구 시흥대로 391, 홈플러스 금천점 (독산동)",홈플러스(주) 금천점,190809.507840375    ,440728.382273075    ,대규모점포
서울특별시 금천구 독산동 291번지 7호,서울특별시 금천구 시흥대로 391 (독산동),삼성테스코(주)홈플러스 금천점,190809.507840375    ,440728.382273075    ,
서울특별시 금천구 독산동 291번지 7호,서울특별시 금천구 시흥대로 391 (독산동),삼성테스코(주)홈플러스 금천점,190809.507840375    ,440728.382273075    ,
서울특별시 금천구 독산동 291번지 5호,서울특별시 금천구 시흥대로 399 (독산동),시티렉스,190858.649482406    ,440808.541334678    ,대규모점포
서울특별시 동대문구 이문동 292번지 10호,서울특별시 동대문구 이문로 136 (이문동),이마트에브리데이 이문점,205396.363734301    ,455131.683241064    ,준대규모점포
,서울특별시 영등포구 여의동로3길 10 (여의도동),(주)이마트 여의도점,193393.096553574    ,446218.443828439    ,대규모점포
서울특별시 영등포구 도림동 251번지 5호,서울특별시 영등포구 도신로 75 (도림동),홈플러스(주) 익스프레스 도림점,191157.139334361    ,444953.005202762    ,준대규모점포
서울특별시 영등포구 신길3동 259번지 4호,서울특별시 영등포구 가마산로69가길 12 (신길동),홈플러스(주) 익스프레스 신길3점,191936.254364904    ,444885.168731883    ,준대규모점포
서울특별시 영등포구 신길동 101번지 7호,서울특별시 영등포구 영등포로 364 (신길동),홈플러스(주) 익스프레스 신길2점,192712.769279545    ,445770.103022217    ,준대규모점포
서울특별시 영등포구 대림3동 784번지,서울특별시 영등포구 대림로 251 (대림동),롯데슈퍼 대림점,190721.417931753    ,444571.769293729    ,준대규모점포
서울특별시 금천구 독산동 957번지,서울특별시 금천구 남부순환로120길 23 (독산동),푸른터시장,191210.51770388     ,441768.833867706    ,
서울특별시 금천구 시흥동 984번지,"서울특별시 금천구 시흥대로 97 (시흥동, 시흥유통상가)",시흥산업용재유통센터,191226.287379467    ,437914.06299827     ,대규모점포
,서울특별시 금천구 가산로 106 (가산동),홈플러스(주)익스프레스 가산점,190527.918536528    ,441484.865931033    ,준대규모점포
서울특별시 금천구 가산동 60번지 20호,서울특별시 금천구 벚꽃로 266 (가산동),마리오아울렛 3관,189759.713050655    ,441814.115920983    ,대규모점포
서울특별시 금천구 가산동 60번지 8호,서울특별시 금천구 디지털로10길 9 (가산동),현대아울렛,190119.463375612    ,441716.684586176    ,대규모점포
서울특별시 금천구 가산동 60번지 22호,서울특별시 금천구 디지털로 185 (가산동),마리오아울렛 1관,189943.234285288    ,441784.247518723    ,대규모점포
서울특별시 금천구 독산동 1150번지 금천롯데캐슬골드파크2차,"서울특별시 금천구 벚꽃로 30 (독산동, 금천롯데캐슬골드파크2차)",롯데캐슬 골드파크 2차 마르쉐도르,190567.418315661    ,439569.401459017    ,대규모점포
서울특별시 금천구 독산동 1155 금천롯데캐슬골드파크3차,"서울특별시 금천구 시흥대로 291(독산동, 금천롯데캐슬골드파크3차)",롯데쇼핑(주) 금천 독산점,190838.324818618    ,439761.362000391    ,대규모점포
서울특별시 금천구 독산동 1156번지 금천롯데캐슬골드파크4차,"서울특별시 금천구 시흥대로 315, 금천롯데캐슬골드파크4차 (독산동)",롯데캐슬 골드파크 4차 마르쉐도르 960,190799.832998673    ,439885.941303087    ,대규모점포
서울특별시 금천구 가산동 60-26,서울특별시 금천구 디지털로 178 (가산동),가산퍼블릭 상업시설,189930.50790426     ,441616.460710064    ,대규모점포
서울특별시 금천구 시흥동 992-47 홈플러스테스테스코(주)시흥점,"서울특별시 금천구 시흥대로 201, 홈플러스테스테스코(주)시흥점 (시흥동)",홈플러스 주식회사,191152.432649234    ,438865.160717275    ,대규모점포
서울특별시 영등포구 영등포동 618-496,서울특별시 영등포구 경인로 846 (영등포동),롯데백화점 영등포점,191741.345847708    ,445970.307641467    ,대규모점포
서울특별시 영등포구 양평동3가 65호,서울특별시 영등포구 선유로 156 (양평동3가),코스트코홀세일,190408.509134733    ,447298.022173646    ,
서울특별시 영등포구 영등포동5가 20호,,영등포지하상가,                    ,                    ,
서울특별시 영등포구 영등포동5가 20호,,영등포역앞지하상가,                    ,                    ,
서울특별시 영등포구 영등포동5가 20호,,영등포로타리지하상가,                    ,                    ,
서울특별시 영등포구 영등포동5가 20호,,삼구시장,                    ,                    ,
서울특별시 영등포구 영등포동5가 24호,서울특별시 영등포구 영등포로37길 4 (영등포동5가),동남시장,191590.878296395    ,446489.41953806     ,
서울특별시 영등포구 문래동3가 16호,,영일시장,                    ,                    ,
서울특별시 영등포구 여의도동 42번지 1   호,,한화스토아여의점,                    ,                    ,
서울특별시 영등포구 당산동3가 2번지 7 호,,홍익상가,                    ,                    ,
서울특별시 영등포구 도림동 176호,,도림시장,                    ,                    ,
서울특별시 영등포구 신길동 259호,,신동시장,                    ,                    ,
서울특별시 영등포구 신길동 116번지 15호,서울특별시 영등포구 도신로60길 7 (신길동),대신시장,192643.702398007    ,445431.520857116    ,
서울특별시 영등포구 대림동 963호,,대림시장,                    ,                    ,
서울특별시 영등포구 대림동 717호,서울특별시 영등포구 대림로29길 13 (대림동),두암종합시장,190916.911377676    ,443681.766720649    ,
서울특별시 영등포구 당산동1가 9번지 1   호,,영등포농축수산물쎈타,                    ,                    ,
서울특별시 영등포구 당산동2가 30번지 2호,서울특별시 영등포구 영등포로 109 (당산동2가),영등포유통상가,190555.768991595    ,446698.814322782    ,대규모점포
서울특별시 영등포구 당산동5가 16번지 7호,서울특별시 영등포구 양평로 47 (당산동5가),이랜드리테일 당산점,191177.584475692    ,447965.645513185    ,대규모점포
서울특별시 영등포구 영등포동8가 62번지 1호,서울특별시 영등포구 영중로 125 (영등포동8가),롯데쇼핑(주) 롯데마트맥스 영등포점,191503.386111551    ,447289.548355449    ,대규모점포
서울특별시 영등포구 문래동3가 55번지 3호,서울특별시 영등포구  당산로  42 (문래동3가),홈플러스(주) 영등포점,190729.506453391    ,446227.07504062     ,대규모점포
서울특별시 영등포구 문래동3가 55호,서울특별시 영등포구 당산로 34 (문래동3가),로데오 왁,190644.120684734    ,446104.925181837    ,대규모점포
서울특별시 영등포구 양평동3가 65호,서울특별시 영등포구 선유로 156 (양평동3가),코스트코 홀세일,190408.509134733    ,447298.022173646    ,대규모점포
서울특별시 영등포구 영등포동5가 18번지 1호,서울특별시 영등포구 영등포로 225 (영등포동5가),영신상가,191691.167905721    ,446411.007064006    ,대규모점포
서울특별시 영등포구 문래동3가 55-16 영등포 SK 리더스뷰,"서울특별시 영등포구 문래로 164, 영등포 SK 리더스뷰 (문래동3가)",룩스쇼핑센터,191087.758954321    ,446157.437289242    ,대규모점포
서울특별시 영등포구 여의도동 47번지 여의도자이(아) 지하 1층,"서울특별시 영등포구 여의동로3길 10 (여의도동,여의도자이(아) 지하 1층)",신세계 이마트 여의도점,193393.096553574    ,446218.443828439    ,
서울특별시 영등포구 영등포동4가 441번지 10호 타임스퀘어,서울특별시 영등포구 영중로 15 (영등포동4가),타임스퀘어,191385.057392247    ,446098.555926507    ,대규모점포
서울특별시 영등포구 영등포동4가 434번지 5호 신세계백화점,"서울특별시 영등포구 영중로 9 (영등포동4가, 신세계백화점)",(주)신세계 타임스퀘어점,191581.500265536    ,446108.807192753    ,대규모점포
서울특별시 영등포구 대림1동 909번지 2호,서울특별시 영등포구 신길로 41 (대림동),썬프라자,191800.728214995    ,443809.773854649    ,대규모점포
서울특별시 동대문구 제기동 1019번지 신관 2층,"서울특별시 동대문구 고산자로36길 3, 2층 (제기동)",노브랜드 경동시장점,203403.019535366    ,452985.725419514    ,준대규모점포
서울특별시 동대문구 용두동 39-1 청량리역한양수자인그라시엘,"서울특별시 동대문구 고산자로32길 78 (용두동, 청량리역한양수자인그라시엘)",청량리역 한양수자인 그라시엘 판매시설,203728.022004023    ,452778.965235022    ,대규모점포
서울특별시 노원구 중계동 364번지 17호 유경데파트,"서울특별시 노원구 한글비석로 232 (중계동, 유경데파트)",유경데파트,206719.586259379    ,460669.836412326    ,대규모점포
,"서울특별시 노원구 동일로180길 14 (공릉동, 공릉종합상가)",공릉종합상가,206578.976039388    ,457736.364674901    ,대규모점포
서울특별시 서대문구 남가좌동 286-1 DMC금호리첸시아,"서울특별시 서대문구 수색로2길 39(남가좌동, DMC금호리첸시아)",이마트에브리데이 남가좌점,192482.416512858    ,452143.491541077    ,준대규모점포
서울특별시 서대문구 대현동 144 신촌럭키아파트 상가동 101호,"서울특별시 서대문구 이화여대길 50-12, 상가동 1층 101호 (대현동, 신촌럭키아파트)",GS THE FRESH 신촌이대역점,195332.123380254    ,450806.05844472     ,준대규모점포
서울특별시 서대문구 대현동 144 신촌럭키아파트 상가동 101호,"서울특별시 서대문구 이화여대길 50-12, 상가동 1층 101호 (대현동, 신촌럭키아파트)",GS THE FRESH 신촌이대역점,195332.123380254    ,450806.05844472     ,준대규모점포
서울특별시 서대문구 남가좌동 396 DMC금호리첸시아,"서울특별시 서대문구 수색로2길 39, B1,1,2층 (남가좌동, DMC금호리첸시아)",DMC금호리첸시아몰,192482.416512858    ,452143.491541077    ,대규모점포
서울특별시 서대문구 홍제동 474 홍제역해링턴플레이스,"서울특별시 서대문구 세무서8길 30, 32동 1호 (홍제동, 홍제역해링턴플레이스)",GS THE FRESH 홍제해링턴점,195387.622258064    ,454191.447092985    ,준대규모점포
서울특별시 마포구 공덕동 256번지 5호 마포시장,"서울특별시 마포구 마포대로6길 16, 마포시장 (공덕동)",마포시장,195804.563731799    ,449216.311329217    ,대규모점포
서울특별시 마포구 성산동 533번지 1호,서울특별시 마포구 월드컵로 235 (성산동),마포농수산물시장,190931.000875925    ,451427.722144609    ,대규모점포
서울특별시 마포구 성산동 515호 월드컵경기장내,"서울특별시 마포구 월드컵로 240 (성산동,월드컵경기장내)",홈플러스(주)월드컵점,                    ,                    ,대규모점포
서울특별시 마포구 창전동 442번지,서울특별시 마포구 창전로 45 (창전동),마포종합시장(서강한화오벨리스크),193905.437192262    ,449372.496499689    ,대규모점포
서울특별시 마포구 동교동 166번지 14호,서울특별시 마포구 양화로 176 (동교동),스타피카소 아울렛,193282.130799848    ,450549.280167182    ,
서울특별시 마포구 공덕동 256번지 10호,서울특별시 마포구 만리재로 19 (공덕동),공덕시장,195810.079475465    ,449173.775965909    ,대규모점포
서울특별시 송파구 방이동 89번지 11호 프라자상가,서울특별시 송파구 양재대로 1222 (방이동),올림픽프라자상가,211619.368009793    ,445963.384875409    ,대규모점포
서울특별시 송파구 잠실동 40번지 1호,서울특별시 송파구 올림픽로 240 (잠실동),롯데쇼핑(주)롯데마트 제타플렉스 잠실점,208589.363343145    ,445455.90405262     ,대규모점포
서울특별시 송파구 잠실동 40번지 1호,서울특별시 송파구 올림픽로 240 (잠실동),롯데백화점 잠실점,208589.363343145    ,445455.90405262     ,대규모점포
서울특별시 송파구 문정동 150번지 2호,서울특별시 송파구 중대로 80 (문정동),롯데쇼핑(주)롯데마트 송파점,210343.699256005    ,443288.284974717    ,대규모점포
,서울특별시 영등포구 여의대방로 65 (신길동),홈플러스(주) 익스프레스 신길점,192275.299730624    ,443891.073398846    ,준대규모점포
서울특별시 영등포구 여의도동 23번지,서울특별시 영등포구 국제금융로 10 (여의도동),아이에프씨몰(IFC Mall),193326.931018911    ,446973.914570276    ,대규모점포
서울특별시 영등포구 대림동 717 대림동 쌍용 플래티넘-S,"서울특별시 영등포구 대림로29길 13 (대림동, 대림동 쌍용 플래티넘-S)",두암상가,190916.911377676    ,443681.766720649    ,대규모점포
,서울특별시 영등포구 선유로 138 (양평동3가),롯데쇼핑(주) 롯데마트 양평점,190352.321686588    ,447095.641206789    ,대규모점포
서울특별시 영등포구 여의도동 22번지,서울특별시 영등포구 여의대로 108 (여의도동),THE HYUNDAI SEOUL,193592.000380036    ,447092.629432527    ,대규모점포
서울특별시 영등포구 양평동1가 247 영등포 중흥 S-CLASS,"서울특별시 영등포구 선유서로24길 6 (양평동1가, 영등포 중흥 S-CLASS)",영등포 중흥 에스클래스,189877.186450371    ,446802.004602857    ,대규모점포
서울특별시 영등포구 신길동 4902-6,"서울특별시 영등포구 신길로 162, 1층 일부 (신길동)",GS THE FRESH 신길사러가점,192108.925858666    ,444944.153786024    ,준대규모점포
서울특별시 영등포구 당산동2가 165 한화포레나당산,"서울특별시 영등포구 당산로 83 (당산동2가, 한화포레나당산)",포레나당산동역세권청년주택 상업시설,                    ,                    ,대규모점포
서울특별시 영등포구 문래동6가 33,"서울특별시 영등포구 문래북로 8, 1층 101~106호 (문래동6가)",GS THE FRESH 문래점,189825.743146319    ,446574.176568125    ,준대규모점포
서울특별시 영등포구 당산동2가 165 한화포레나당산,"서울특별시 영등포구 당산로 83, 지하 102~103호 (당산동2가, 한화포레나당산)",(주)이마트에브리데이 영등포구청점,                    ,                    ,준대규모점포
서울특별시 영등포구 신길동 3608 비스타동원,"서울특별시 영등포구 신풍로 28, B137호 (신길동, 비스타동원)",(주)이마트에브리데이 신풍역점,191902.269810046    ,444157.372393042    ,준대규모점포
서울특별시 영등포구 양평동1가 30,서울특별시 영등포구 선유동1로 9-7 (양평동1가),양남시장정비사업,190307.528282719    ,446742.556303998    ,대규모점포
서울특별시 영등포구 당산동3가 76 당산 임대주택,"서울특별시 영등포구 양산로23길 16, 당산 임대주택 106~108호 (당산동3가)",GS THE FRESH 영등포구청역점,190934.657408952    ,447004.186609695    ,준대규모점포
서울특별시 동작구 상도동 324번지 1호,"서울특별시 동작구 상도로 102 (상도동, 성대시장)",성대종합시장,193896.384765772    ,444196.484790728    ,대규모점포
서울특별시 동작구 흑석동 332번지,서울특별시 동작구 서달로 150 (흑석동),해가든프라자,196587.030630143    ,444939.455414947    ,대규모점포
서울특별시 동작구 사당3동 252번지 22호,서울특별시 동작구 사당로 215 (사당동),홈플러스(주) 익스프레스 남성점,197507.834447319    ,442470.92961062     ,준대규모점포
서울특별시 동작구 대방동 335번지 17호,서울특별시 동작구 상도로 81 (대방동),(주)이마트에브리데이 대방동점,193699.189949205    ,444190.844599349    ,준대규모점포
서울특별시 동작구 사당동 147번지 29호 이수자이,"서울특별시 동작구 사당로 300 (사당동, 이수자이)",(주)이마트에브리데이 이수점,198202.472533419    ,442471.241038085    ,준대규모점포
서울특별시 동작구 상도동 527번지,서울특별시 동작구 상도로31길 19 (상도동),(주)이마트에브리데이 상도동점,194963.274671696    ,444866.845573417    ,준대규모점포
"서울특별시 동작구 사당동 105번지 신동아상가 제1층 101~105, 110호","서울특별시 동작구 동작대로29길 110 (사당동, 신동아아파트)",(주)이마트에브리데이 사당동점,197802.436613024    ,443049.214038897    ,준대규모점포
서울특별시 동작구 대방동 341번지 2호,서울특별시 동작구 노량진로 4 (대방동),(주)홈플러스 대방점,193393.306385172    ,445577.513247441    ,준대규모점포
서울특별시 동작구 상도2동 414번지,서울특별시 동작구 만양로 26 (상도동),홈플러스 익스프레스 상도2점,195489.423430508    ,444995.675592494    ,준대규모점포
서울특별시 동작구 상도동 530번지,서울특별시 동작구  양녕로  170 (상도동),홈플러스 익스프레스 상도3점,194941.030627361    ,443848.078951741    ,준대규모점포
서울특별시 동작구 상도동 531번지 상가2동 지상1층 101~105호,"서울특별시 동작구 상도로 346-1 (상도동, 상도엠코타운 센트럴파크)",GS더프레시 동작상도점,195585.914045797    ,443690.595413251    ,준대규모점포
서울특별시 동작구 노량진동 16-1 노량진 드림스퀘어 복합빌딩,"서울특별시 동작구 노들로2길 7, 노량진 드림스퀘어 복합빌딩 (노량진동)",노량진 드림스퀘어,194571.152376388    ,445790.549860682    ,대규모점포
서울특별시 동작구 상도동 535 상도2차두산위브트레지움아파트,"서울특별시 동작구 상도로30길 40, 판매/근생시설동 1층 125~131호 (상도동, 상도2차두산위브트레지움아파트)",GS THE FRESH 동작구청점,194870.38438442     ,444631.112679216    ,준대규모점포
서울특별시 동작구 노량진동 119-68,"서울특별시 동작구 만양로 93, 주영빌딩 B1층 (노량진동)",GS THE FRESH 노량진역점,194984.417259173    ,445509.979775534    ,준대규모점포
서울특별시 관악구 봉천동 951번지 25호,,봉일시장,194486.270488664    ,442632.469540589    ,
서울특별시 관악구 봉천동 951번지 25호,,봉일시장,194486.270488664    ,442632.469540589    ,
서울특별시 관악구 봉천동 502번지 4호,서울특별시 관악구 양녕로 49 (봉천동),봉천현대시장,195206.056916766    ,442716.301708689    ,대규모점포
서울특별시 관악구 신림동 1426번지 7호,,가야쇼핑,193750.825947451    ,442753.219280937    ,
서울특별시 관악구 봉천동 31번지 1호,서울특별시 관악구 관악로 212 (봉천동),관악프라자,195963.335274799    ,442381.536010445    ,대규모점포
서울특별시 관악구 봉천동 1000호,서울특별시 관악구 관악로40길 47 (봉천동),관악현대상가,196257.833652996    ,443341.379446435    ,대규모점포
서울특별시 관악구 신림동 1694호,서울특별시 관악구 신림로29길 8 (신림동),신림현대종합상가,193957.944323928    ,441437.774867372    ,대규모점포
서울특별시 관악구 신림동 1422번지 5호,서울특별시 관악구 신림로 340 (신림동),르네상스쇼핑몰(주),193746.833837509    ,442510.775085572    ,대규모점포
서울특별시 관악구 봉천동 862번지 1호,서울특별시 관악구 남부순환로 1820 (봉천동),라붐아울렛,195703.043681259    ,442094.085759338    ,대규모점포
서울특별시 관악구 서원동 1641번지 2호,서울특별시 관악구 신림로 330 (신림동),타임스트림,193754.427350029    ,442407.201247108    ,대규모점포
서울특별시 관악구 봉천동 1567번지 1호,서울특별시 관악구 쑥고개로 111 (봉천동),GS THE FRESH 관악점,195431.465419568    ,441896.302934956    ,준대규모점포
서울특별시 관악구 봉천동 1629번지 2호,서울특별시 관악구 봉천로 576 (봉천동),GS THE FRESH 낙성대점,196501.159765837    ,441640.881044209    ,준대규모점포
서울특별시 관악구 중앙동 463번지 4호 메카플러스 지하1층,서울특별시 관악구 양녕로 46 (봉천동),홈플러스 익스프레스 봉천점,195274.343265834    ,442663.498606503    ,준대규모점포
서울특별시 관악구 은천동 937번지 6호 동영빌딩 1층,서울특별시 관악구 은천로 51 (봉천동),(주)이마트에브리데이 봉천동점,194770.417438694    ,442676.831360439    ,준대규모점포
서울특별시 관악구 미성동 607번지 73호,서울특별시 관악구 난곡로 220 (신림동),(주)천성세이브마트,192674.94071058     ,441352.713136511    ,대규모점포
서울특별시 관악구 보라매동 729호 22통 롯데백화점,서울특별시  봉천로 209,롯데쇼핑(주) 관악점,193301.885808714    ,443151.561302292    ,대규모점포
서울특별시 관악구 남현동 산 69번지 51호,서울특별시 관악구 과천대로 909 (남현동),홈플러스 서울남현점,198374.473281221    ,441033.513044892    ,대규모점포
,서울특별시 관악구 조원로16길 27 (신림동),신림중앙시장,192096.349629652    ,442339.213626523    ,대규모점포
서울특별시 관악구 대학동 1523번지,서울특별시 관악구 신림로23길 16 (신림동),일성트루엘상가,194135.772735482    ,440917.845099207    ,대규모점포
서울특별시 관악구 봉천동 1717-3 관악푸르지오,"서울특별시 관악구 청림6길 3, 관악푸르지오 상가동 110,113,114호 (봉천동)",GS THE FRESH 관악청림점,196384.544308046    ,442822.980265735    ,준대규모점포
,서울특별시 관악구 난곡로26길 4 (신림동),우림시장,192893.347466833    ,440903.81963928     ,대규모점포
서울특별시 관악구 봉천동 1638번지 20호,서울특별시 관악구 남부순환로248길 35 (봉천동),원당종합시장,196912.833572618    ,441358.893188526    ,대규모점포
서울특별시 관악구 봉천동 952-1,"서울특별시 관악구 국회단지길 7, 1층 (봉천동)",GS THE FRESH 관악은천점,194553.838438621    ,442719.413175605    ,준대규모점포
서울특별시 관악구 신림동 1747 센터스퀘어 서울대점,"서울특별시 관악구 신림로 99 (신림동, 센터스퀘어 서울대점)",GS THE FRESH 관악신림점,                    ,                    ,준대규모점포
서울특별시 관악구 봉천동 622-27 은천빌딩,"서울특별시 관악구 은천로 81 (봉천동, 은천빌딩)",GS THE FRESH 관악봉천점,195007.987644999    ,442765.646975268    ,준대규모점포
서울특별시 서초구 서초동 1335번지,"서울특별시 서초구 효령로 391 (서초동, 무지개아파트)",무지개종합상가,202245.377899369    ,442987.986999742    ,대규모점포
서울특별시 서초구 반포동 19번지 4   호,서울특별시 서초구 신반포로 194 (반포동),터미널상가,200554.74395758     ,444811.364826199    ,대규모점포
서울특별시 서초구 잠원동 70-2 뉴코아백화점,"서울특별시 서초구 잠원로 51, 뉴코아백화점 (잠원동)",(주)이랜드리테일 강남점,200576.608647619    ,445241.8984183      ,대규모점포
서울특별시 서초구 양재동 215호 하이브랜드 지하1층,"서울특별시 서초구 매헌로 16 (양재동,하이브랜드 지하1층)",(주)이마트 양재점,203204.755637424    ,440136.781183797    ,대규모점포
서울특별시 관악구 봉천동 10번지 4호 외14필지,서울특별시 관악구 청림3길 10 (봉천동),관악쇼핑,196347.099270374    ,442938.722385983    ,대규모점포
서울특별시 서초구 반포동 19번지 3호,서울특별시 서초구 신반포로 176 (반포동),신세계백화점 강남점,200250.447804795    ,444683.220506107    ,대규모점포
서울특별시 서초구 반포동 1141번지,서울특별시 서초구 신반포로 23 (반포동),엘루체,198791.788015494    ,444392.672548989    ,대규모점포
서울특별시 서초구 서초2동 1332번지 2호,서울특별시 서초구 사임당로 151 (서초동),무지개쇼핑,202216.049985624    ,443352.024569293    ,대규모점포
서울특별시 서초구 방배1동 816번지 1호,서울특별시 방배로33길 29,롯데슈퍼 방배2점,198984.364832071    ,443229.835878514    ,준대규모점포
서울특별시 서초구 잠원동 70번지 5호 뉴코아백화점빌딩,"서울특별시 서초구 잠원로 37-6 (잠원동, 뉴코아백화점빌딩)",뉴코아백화점,200367.985010323    ,445207.663497148    ,대규모점포
서울특별시 서초구 잠원동 70번지 2호,서울특별시 서초구 잠원로 51 (잠원동),뉴코아아울렛,200576.608647619    ,445241.8984183      ,대규모점포
서울특별시 서초구 방배본동 755번지 5호,서울특별시 서초구 방배중앙로 198 (방배동),롯데쇼핑(주)롯데슈퍼 방배점,198660.616347373    ,443855.573402136    ,준대규모점포
,서울특별시 서초구 효령로 304 (서초동),국제전자도매센타,201501.672660443    ,442505.573142545    ,대규모점포
,서울특별시 서초구 신반포로3길 8 (반포동),반포프라자,198776.113460442    ,444432.325191038    ,대규모점포
,서울특별시 서초구 사임당로 130 (서초동),신동아종합상가,202099.715967965    ,443138.5940184      ,대규모점포
,서울특별시 서초구 나루터로 32 (잠원동),대림상가,                    ,                    ,대규모점포
,서울특별시 서초구 고무래로 90-7 (서초동),서초쇼핑,201472.668856726    ,444193.267014675    ,대규모점포
,서울특별시 서초구 서초중앙로 220 (반포동),한양스토아,201100.600979283    ,444376.532945802    ,대규모점포
,서울특별시 서초구 방배천로16길 18 (방배동),방배종합시장,198492.797210723    ,442199.268340209    ,대규모점포
,서울특별시 서초구 방배로33길 29 (방배동),이수시장,198984.364832071    ,443229.835878514    ,대규모점포
,서울특별시 서초구 신반포로15길 29 (반포동),신반포종합시장,199448.513021585    ,444800.550772527    ,대규모점포
,서울특별시 서초구 나루터로 37 (잠원동),신사쇼핑,201230.693449214    ,445992.459343379    ,대규모점포
,서울특별시 서초구 서초중앙로22길 25 (서초동),대림서초리시온,201295.700037578    ,443474.524864903    ,대규모점포
,서울특별시 서초구 서초중앙로 188 (서초동),아크로비스타 아케이드,201107.634736928    ,443999.067092566    ,대규모점포
,서울특별시 서초구 매헌로 16 (양재동),하이브랜드,203204.755637424    ,440136.781183797    ,대규모점포
,서울특별시 서초구 강남대로 465 (서초동),교보타워 지하아케이드,202058.674687128    ,444618.16731522     ,대규모점포
,서울특별시 서초구 양재대로 159 (양재동),코스트코코리아,203123.870437513    ,439984.847528537    ,대규모점포
,서울특별시 서초구 신반포로3길 8 (반포동),반포프라자,198776.113460442    ,444432.325191038    ,대규모점포
"서울특별시 서초구 서초동 1498-5 마제스타시티, 힐스테이트 서리풀","서울특별시 서초구 서초대로38길 12 (서초동, 마제스타시티, 힐스테이트 서리풀)",롯데쇼핑(주) 롯데마트 서초점,200440.010811975    ,443124.671418408    ,대규모점포
서울특별시 서초구 방배동 790-12,서울특별시 서초구 동광로 35 (방배동),GS THE FRESH 방배중앙점,198748.271354705    ,443257.313511019    ,준대규모점포
서울특별시 강남구 대치동 511번지 한보미도맨션,"서울특별시 강남구 삼성로 150 (대치동, 한보미도맨션)",한보종합상가,205886.286776047    ,443467.611815598    ,대규모점포
서울특별시 강남구 역삼동 755번지,서울특별시 강남구 역삼로 310 (역삼동),한솔필리아,204213.643236507    ,444113.028210915    ,대규모점포
서울특별시 강남구 신사동 510번지 11호,서울특별시 강남구 압구정로2길 46 (신사동),강남시장,201757.494098748    ,446282.45446652     ,대규모점포
서울특별시 강남구 논현동 227번지 4호,서울특별시 강남구 봉은사로33길 33 (논현동),논현종합시장,203005.088001821    ,445311.309960952    ,대규모점포
서울특별시 강남구 논현동 105번지 7호,"서울특별시 강남구 언주로 726 (논현동, 두산빌딩)",두산아케이드,203050.783890109    ,446316.514036122    ,대규모점포
서울특별시 강남구 압구정동 454호,서울특별시 강남구 압구정로29길 72-1 (압구정동),신사상가,202440.338882233    ,447782.51322707     ,대규모점포
서울특별시 강남구 압구정동 515호,"서울특별시 강남구 압구정로 407 (압구정동, 갤러리아백화점)",갤러리아백화점(동관),203604.761651873    ,447316.222786487    ,대규모점포
서울특별시 강남구 청담동 134번지 20호,서울특별시 강남구 학동로101길 26 (청담동),청담삼익시장,205034.15838707     ,446675.932361885    ,대규모점포
서울특별시 강남구 대치동 500호,"서울특별시 강남구 남부순환로 2912 (대치동, 개포우성아파트)",그랑프리,204992.451561361    ,443183.576115254    ,대규모점포
서울특별시 강남구 대치동 626호,서울특별시 강남구 남부순환로 2917 (대치동),청실종합상가,205154.638096613    ,443439.981644506    ,대규모점포
서울특별시 강남구 대치동 977번지 12  호,서울특별시 강남구 삼성로64길 41 (대치동),대치종합상가,205558.159926896    ,444312.078934352    ,대규모점포
서울특별시 강남구 개포동 12호,"서울특별시 강남구 개포로109길 5 (개포동, 대청아파트)",대치1단지상가,206581.787067095    ,443555.991242524    ,대규모점포
서울특별시 강남구 개포동 12호,"서울특별시 강남구 개포로109길 21 (개포동, 대청아파트)",대치2단지상가,206581.787067095    ,443555.991242524    ,대규모점포
서울특별시 강남구 일원동 711번지 1호,"서울특별시 강남구 양재대로55길 6 (일원동, 도시개발아파트)",수서1-2단지상가,207748.487100942    ,443240.945026406    ,대규모점포
서울특별시 강남구 역삼동 826번지 14호,,진솔물산,202557.007830645    ,443648.622539856    ,
서울특별시 강남구 압구정동 429번지,"서울특별시 강남구 압구정로 165 (압구정동, 현대백화점본점)",(주)현대백화점 본점,202358.505687227    ,447232.955697694    ,대규모점포
서울특별시 강남구 삼성동 159번지 7호,"서울특별시 강남구 테헤란로 517 (삼성동, 무역센터현대백화점)",현대백화점 무역센터점,205210.358779172    ,445154.42225208     ,대규모점포
서울특별시 강남구 압구정동 494호,"서울특별시 강남구 압구정로 343 (압구정동, 갤러리아백화점)",갤러리아백화점(서관),203470.848439305    ,447369.579851952    ,대규모점포
서울특별시 강남구 대치동 937호,서울특별시 강남구 도곡로 401 (대치동),롯데백화점(강남점),204669.543366778    ,443873.621189048    ,대규모점포
서울특별시 강남구 삼성1동 159번지 8호 그랜드인터콘티넨탈호텔(지하1층),서울특별시 강남구 테헤란로 521 (삼성동),파르나스몰(PARNAS MALL),205314.159889285    ,445204.709309676    ,대규모점포
서울특별시 강남구 삼성동 159호,서울특별시 강남구 봉은사로 524 (삼성동),웨스틴 서울 파르나스 아케이드,205130.591678902    ,445590.096837802    ,대규모점포
서울특별시 강남구 삼성동 159번지 1호 외,서울특별시 강남구 영동대로 513 (삼성동),코엑스 몰,205340.631121567    ,445354.571117445    ,대규모점포
서울특별시 강남구 압구정1동 456번지,서울특별시 압구정로 201 (구현대아파트),금강상가,202485.226490575    ,447521.520319158    ,대규모점포
서울특별시 강남구 대치동 623번지,서울특별시 강남구 남부순환로 2921 (대치동),남서울종합시장,205209.747122636    ,443490.817333221    ,대규모점포
서울특별시 강남구 역삼동 755번지,서울특별시 강남구 역삼로 310 (역삼동),(주)이마트 역삼점,204213.643236507    ,444113.028210915    ,대규모점포
서울특별시 강남구 논현2동 108번지,서울특별시 강남구 학동로43길 38 (논현동),논현웰스톤상가,203292.307005445    ,446247.511537864    ,대규모점포
"서울특별시 강남구 도곡2동 467번지 7호 아카데미스위트 에이동B101,B102,B201","서울특별시 강남구 남부순환로 2804 (도곡동, 아카데미스위트)",아카데미프라자,204538.144891563    ,442942.853505354    ,대규모점포
서울특별시 강남구 삼성2동 121번지 38호,서울특별시 강남구 삼성로103길 12 (삼성동),삼성동 신도브래뉴 주상복합 상가,204652.111034177    ,445353.174360925    ,대규모점포
서울특별시 강남구 청담동 4번지 1호 외 9필지,서울특별시 강남구 도산대로 442 (청담동),하우스오브신세계 청담,203789.588128352    ,446796.128299612    ,대규모점포
서울특별시 강남구 논현1동 140번지 외 44필지,"서울특별시 강남구 강남대로124길 22, 3층 301호 (논현동)",영동전통시장,202023.395227792    ,445302.915908145    ,대규모점포
서울특별시 강남구 신사동 660번지 18호,서울특별시 강남구 압구정로46길 5-2 (신사동),홈플러스 익스프레스 압구정점,203191.25706078     ,447312.903662969    ,준대규모점포
,"서울특별시 강남구 압구정로18길 25 (신사동, 한국산업양행빌딩)",GS THE FRESH 신사점,202167.012989943    ,446808.075588622    ,준대규모점포
,서울특별시 강남구 학동로4길 15 (논현동),동화상가(주),202010.0103397      ,445368.131754546    ,대규모점포
,서울특별시 강남구 학동로 176 (논현동),홈플러스익스프레스 학동역점,202599.512133865    ,445700.273918744    ,준대규모점포
,서울특별시 강남구 도산대로85길 30 (청담동),신원아침도시마인상가,204320.63321904     ,447133.658518474    ,대규모점포
,"서울특별시 강남구 언주로122길 25 (논현동, 두산위브아파트)",롯데슈퍼 논현점,203322.585990371    ,445590.72903471     ,준대규모점포
,서울특별시 강남구 선릉로 660 (삼성동),롯데쇼핑(주) 롯데슈퍼 삼성점,203675.905036013    ,445926.119732235    ,준대규모점포
,서울특별시 강남구 봉은사로103길 5 (삼성동),롯데쇼핑(주) 롯데슈퍼 코엑스점,205359.898726792    ,445864.805913342    ,준대규모점포
서울특별시 강남구 논현동 140 영동프라자,"서울특별시 강남구 강남대로128길 20, 영동프라자 (논현동)",GS THE FRESH 강남영동점,202023.395227792    ,445302.915908145    ,준대규모점포
,서울특별시 강남구 테헤란로87길 22-0 (삼성동),도심공항몰(CALT MALL),205170.959716696    ,445264.936337181    ,대규모점포
,"서울특별시 강남구 강남대로 432 (역삼동, 점프밀라노)",점프밀라노,202271.694937929    ,444339.880973826    ,대규모점포
,"서울특별시 강남구 삼성로 633, 1층 (삼성동, 삼광빌딩)",노브랜드 삼성점,204455.655          ,446026.109999999    ,준대규모점포
서울특별시 강남구 논현동 164번지 5호 외 3필지,,삐에로쇼핑 강남논현점,201994.292033914    ,445091.876704064    ,준대규모점포
서울특별시 강남구 역삼동 676 센터필드,"서울특별시 강남구 테헤란로 231, 센터필드 (역삼동)",더 샵스 앳 센터필드 (THE SHOPS AT CENTERFIELD),203599.062771687    ,444556.062267296    ,대규모점포
서울특별시 강남구 신사동 510-11 강남상가아파트,"서울특별시 강남구 압구정로2길 46, 1층 (신사동, ---------)",이마트에브리데이 강남시장점,201757.494098748    ,446282.45446652     ,준대규모점포
서울특별시 강남구 신사동 638-6,"서울특별시 강남구 압구정로 312, 1층 (신사동)",GS THE FRESH 압구정점,203069.441212025    ,447391.130408384    ,준대규모점포
서울특별시 강남구 청담동 109-16 청담범신칼릭스빌2차,"서울특별시 강남구 도산대로89길 35, 지상1층 107, 108호 (청담동, 청담범신칼릭스빌2차)",GS THE FRESH 청담점,204504.368683467    ,447166.991324457    ,준대규모점포
서울특별시 동대문구 전농동 10번지 외7필지 전농sk아파트 주상가동,"서울특별시 동대문구 사가정로 148 (전농동, SK아파트)",롯데쇼핑(주) 롯데슈퍼 전농점,205271.704936121    ,452706.897879436    ,준대규모점포
서울특별시 송파구 마천동 181호,서울특별시 송파구 마천로 315 (마천동),송파쇼핑센타,213279.781081276    ,443674.682876425    ,대규모점포
서울특별시 송파구 잠실동 27번지 6호,서울특별시 송파구 올림픽로 203 (잠실동),잠실중앙상가,208187.623477261    ,445589.718583334    ,대규모점포
서울특별시 노원구 공릉2동 89번지 1호  대덕프라자 지층 101~102호,서울특별시 노원구 노원로1길 67 (공릉동),(주)이마트에브리데이 공릉동점,207311.175792021    ,457610.711998051    ,준대규모점포
서울특별시 노원구 공릉동 323번지 35호,서울특별시 노원구 동일로 1101 (공릉동),홈플러스(주)익스프레스 공릉점,206222.082661025    ,458423.440177534    ,준대규모점포
서울특별시 노원구 중계동 160-1 기업은행,"서울특별시 노원구 덕릉로 690, 1층 (중계동)",(주)이마트에브리데이 상계역점,206616.300077726    ,461867.94710054     ,준대규모점포
서울특별시 노원구 상계동 95-3,"서울특별시 노원구 덕릉로 753, 노원롯데캐슬시그니처아파트 근린생활시설 2동 16,17호 (상계동)",GS THE FRESH 노원캐슬점,206799.020098051    ,462509.638445514    ,준대규모점포
서울특별시 노원구 상계동 453-2 1층,"서울특별시 노원구 한글비석로 452, 1층 (상계동)",GS THE FRESH 노원비석로점,205914.462686563    ,462406.850661648    ,준대규모점포
서울특별시 노원구 공릉동 388-2 1층,"서울특별시 노원구 동일로192길 23, 1층 (공릉동)",GS THE FRESH 공릉역점,206477.084381626    ,458222.187373294    ,준대규모점포
서울특별시 은평구 수색동 205번지 21  호,,수일시장,                    ,                    ,
서울특별시 은평구 대조동 14번지 37  호,,대조시장,                    ,                    ,
서울특별시 은평구 대조동 14번지 24호,,불광시장(주),                    ,                    ,
서울특별시 은평구 응암동 427번지 126호,서울특별시 은평구 응암로 252 (응암동),응암시장,192738.381117433    ,454678.898500315    ,대규모점포
서울특별시 은평구 불광동 631번지 1호,서울특별시 은평구 불광로 90-0 (불광동),대호프라자상가,194002.701726955    ,456937.542510222    ,대규모점포
서울특별시 은평구 응암동 300번지 11 호,,양지시장,                    ,                    ,
서울특별시 은평구 불광동 310번지 131 호,서울특별시 은평구 통일로 850 (불광동),연서시장,193042.519283201    ,457459.367971725    ,대규모점포
서울특별시 은평구 불광동 308번지 1   호,서울특별시 은평구 통일로 842 (불광동),범서쇼핑,193035.279146132    ,457365.911737494    ,대규모점포
서울특별시 은평구 구산동 182번지 6  호,,현대화유통기업(주),                    ,                    ,
서울특별시 은평구 진관내동 500번지 2  호,,(주)미소종합유통,                    ,                    ,
서울특별시 은평구 불광동 311번지 13호,서울특별시 은평구 통일로 856 (불광동),메트로,192998.202204135    ,457479.99522553     ,대규모점포
서울특별시 서대문구 남가좌동 381 DMC센트레빌,"서울특별시 서대문구 거북골로 120(남가좌동, DMC센트레빌)",롯데슈퍼 남가좌점,192480.02944094     ,452634.55767379     ,준대규모점포
서울특별시 서대문구 홍제동 294번지 46호 유진상가,"서울특별시 서대문구 통일로 484, 유진상가 (홍제동)",롯데슈퍼 유진점(X),194850.361025035    ,454344.432517428    ,준대규모점포
서울특별시 서대문구 남가좌동 390 래미안 루센티아,"서울특별시 서대문구 거북골로 100, 지하3층 32,33,34,35호 (남가좌동, 래미안 루센티아)",GS THE FRESH 남가좌디엠씨점,192641.14591065     ,452652.059898055    ,준대규모점포
서울특별시 서대문구 홍은동 11-419,서울특별시 서대문구 홍은중앙로 89(홍은동),이마트에브리데이 홍은점,195280.710219904    ,455193.014698844    ,준대규모점포
서울특별시 서대문구 홍은동 400-12,서울특별시 서대문구 가좌로 99(홍은동),롯데프레시 홍은점,193440.549915639    ,453256.425998955    ,준대규모점포
서울특별시 서대문구 창천동 506-20 아륭빌딩,"서울특별시 서대문구 신촌로 13, 아륭빌딩 (창천동)",롯데슈퍼 창천점,193624.014939084    ,450696.745009002    ,준대규모점포
서울특별시 서대문구 남가좌동 50-3 명지대학교,"서울특별시 서대문구 거북골로 34, 명지대학교 (남가좌동)",이마트에브리데이 명지대점,193139.52394401     ,453106.002592232    ,준대규모점포
서울특별시 송파구 잠실동 40호,서울특별시 송파구 올림픽로 212 (잠실동),갤러리아팰리스 아케이드,208233.926974585    ,445435.257647797    ,대규모점포
서울특별시 송파구 신천동 7번지 18호,서울특별시 송파구 올림픽로 269 (신천동),롯데캐슬플라자,208836.192051204    ,445807.727388799    ,대규모점포
서울특별시 송파구 신천동 7번지 12  호,서울특별시 송파구 올림픽로35가길 16 (신천동),홈플러스(주)잠실점,209039.148023482    ,446007.966801057    ,대규모점포
서울특별시 송파구 마천동 140번지 2호,서울특별시 송파구 마천로45길 23 (마천동),마천시장,213247.196130934    ,444020.568495222    ,대규모점포
서울특별시 송파구 잠실동 101번지 1호,서울특별시 송파구 올림픽로4길 40 (잠실동),프리마 쇼핑센타,206397.34797252     ,444963.233863255    ,대규모점포
서울특별시 송파구 석촌동 277번지 2호,서울특별시 송파구 가락로 103 (석촌동),엄마손상가,209440.726523187    ,444369.495694674    ,대규모점포
서울특별시 송파구 문정동 292번지 외 29필지,서울특별시 송파구 충민로 10 (문정동),가든파이브 툴,210480.282018702    ,441833.16323518     ,대규모점포
서울특별시 송파구 문정동 516번지,서울특별시 송파구 충민로 66 (문정동),가든파이브 라이프,210986.460698452    ,441725.293491662    ,대규모점포
서울특별시 송파구 오금동 615번지  올림픽파크동부센트레빌 상가,서울특별시 송파구 양재대로72길 5 (오금동),올림픽파크동부센트레빌 상가,211217.0019233      ,445334.151660974    ,대규모점포
서울특별시 송파구 송파1동 121번지,서울특별시 송파구 가락로 183 (송파동),한화 송파지점,210057.912138022    ,444767.367639796    ,대규모점포
서울특별시 송파구 가락2동 140번지,서울특별시 송파구 동남로 189 (가락동),쌍용프라자 상가,211259.909777857    ,443711.702922024    ,대규모점포
서울특별시 송파구 잠실2동 19번지 8호,서울특별시 송파구 올림픽로 111 (잠실동),롯데쇼핑(주)롯데슈퍼신천점,207270.219021574    ,445550.277249649    ,준대규모점포
서울특별시 송파구 잠실3동 35번지 2호,서울특별시 송파구 석촌호수로 61 (잠실동),롯데쇼핑(주)롯데슈퍼잠실3동점,207553.918225133    ,445383.338011122    ,준대규모점포
서울특별시 송파구 방이2동 63번지 11호,서울특별시 송파구 올림픽로32길 20 (방이동),롯데쇼핑(주)롯데슈퍼방이점,209576.621957045    ,445779.100983519    ,준대규모점포
서울특별시 송파구 가락동 88번지 2호,서울특별시 송파구 중대로9길 35 (가락동),(주)이마트에브리데이 가락동점,210391.461980814    ,443796.02703891     ,준대규모점포
"서울특별시 송파구 송파2동 121번지 한양2차아파트 1층 6,7호호","서울특별시 송파구 가락로 183, 1층 6,7호 (송파동)",롯데쇼핑(주)롯데슈퍼송파점,210057.912138022    ,444767.367639796    ,준대규모점포
서울특별시 은평구 대조동 240호,서울특별시 은평구 불광로 20 (대조동),엔씨백화점 불광점,193661.732383169    ,456379.193899276    ,대규모점포
서울특별시 은평구 수색동 75번지,서울특별시 은평구 수색로 217 (수색동),(주)이마트 수색점,190977.850603548    ,453037.787995874    ,대규모점포
서울특별시 은평구 응암동 90번지 1호,서울특별시 은평구 은평로 111 (응암동),(주)이마트 은평점,192882.837727443    ,455340.54056388     ,대규모점포
서울특별시 은평구 역촌동 31번지 6호,서울특별시 은평구 진흥로1길 28 (역촌동),서부종합시장,192773.974598512    ,455630.884111772    ,대규모점포
서울특별시 은평구 구산동 1번지 24호,서울특별시 은평구 서오릉로 145 (구산동),홈플러스(주)익스프레스구산점,192563.874496397    ,456570.084566278    ,준대규모점포
서울특별시 은평구 응암3동 124번지 17호,서울특별시 은평구 응암로 247 (응암동),홈플러스(주)익스프레스응암점,192674.132684249    ,454664.166810326    ,준대규모점포
서울특별시 은평구 불광1동 308번지 1호,서울특별시 은평구 통일로 842 (불광동),롯데쇼핑(주)롯데슈퍼범서점,193035.279146132    ,457365.911737494    ,준대규모점포
서울특별시 은평구 불광1동 239번지 9호,서울특별시 은평구 불광로 121 (불광동),홈플러스(주)익스프레스 불광점,194003.88391829     ,457260.736492005    ,준대규모점포
서울특별시 은평구 신사1동 20번지 7호,서울특별시 은평구 갈현로 10 (신사동),홈플러스(주)익스프레스 신사점,192012.208564616    ,455177.704494531    ,준대규모점포
서울특별시 은평구 갈현2동 527번지 13호,서울특별시 은평구 서오릉로 222 (갈현동),홈플러스 익스프레스 갈현점,191953.940215578    ,456960.687756827    ,준대규모점포
서울특별시 은평구 진관동 79번지 15호,"서울특별시 은평구 통일로 1050 (진관동, 롯데몰은평점)",롯데몰 은평,192694.92374224     ,459461.236119623    ,대규모점포
서울특별시 은평구 신사동 228-5,"서울특별시 은평구 가좌로 331, 1층 (신사동)",GS THE FRESH 은평가좌점,191844.913712646    ,454908.495429711    ,준대규모점포
서울특별시 서대문구 홍제3동 294번지 6호,서울특별시 통일로 484 (유진상가),유진상가,194811.756333333    ,454300.739666667    ,대규모점포
서울특별시 서대문구 남가좌동 290번지 2   호,서울특별시 서대문구 수색로2길 45 (남가좌동),모래내시장(주),192503.128282531    ,452051.272452155    ,
서울특별시 서대문구 창천동 30번지 33호,서울특별시 서대문구 신촌로 83 (창천동),현대백화점 신촌점,194265.067639805    ,450433.691021245    ,대규모점포
서울특별시 서대문구 신촌동 74번지 12  호,서울특별시 서대문구 신촌역로 30 (신촌동),신촌 밀리오레,194798.458435966    ,450837.051726331    ,
서울특별시 서대문구 대현동 145번지,서울특별시 서대문구 이화여대1길 10 (대현동),예스에이피엠,195063.820722531    ,450597.874088644    ,
서울특별시 서대문구 연희동 131번지 1호,서울특별시 서대문구 연희맛로 23 (연희동),연희슈퍼마켓,193716.339877929    ,451653.563671802    ,대규모점포
서울특별시 은평구 대조동 240호,서울특별시 은평구 불광로 20 (대조동),팜스퀘어,193661.732383169    ,456379.193899276    ,대규모점포
서울특별시 마포구 합정동 375번지 1호,서울특별시 마포구 양화진길 5 (합정동),합정시장,192257.393762526    ,449554.484192321    ,대규모점포
서울특별시 마포구 서교동 485번지 14호,서울특별시 마포구 동교로12길 21 (서교동),영진시장,192214.380853693    ,450136.910982644    ,
서울특별시 마포구 서교동 357번지 1호,서울특별시 마포구 홍익로3길 20 (서교동),서교시장,193009.20810189     ,450142.186927747    ,
서울특별시 마포구 노고산동 57번지 1호,서울특별시 마포구  신촌로  94 (노고산동),정도진흥기업(주),194273.598098938    ,450318.724130121    ,대규모점포
서울특별시 마포구 망원2동 480번지 1호,,성산시장,                    ,                    ,
서울특별시 마포구 망원2동 517번지,서울특별시 마포구 월드컵로25길 26 (망원동),성산프라자(마포영화블렌하임),191651.529315787    ,450694.803472189    ,대규모점포
서울특별시 마포구 공덕동 173번지 대우월드마크마포,서울특별시 마포구 백범로 212 (신공덕동),(주)이마트 마포점,195808.904523588    ,448910.741283532    ,대규모점포
서울특별시 마포구 신공덕동 173번지,서울특별시 마포구  백범로  212 (신공덕동),(주)이마트 마포점,195808.904523588    ,448910.741283532    ,대규모점포
서울특별시 마포구 서교동 490번지 1호,"서울특별시 마포구 양화로 45 (서교동, 메세나폴리스)",홈플러스 합정점,192311.642580307    ,449855.643910445    ,대규모점포
서울특별시 마포구 동교동 166번지 15호,서울특별시 마포구 양화로 176 (동교동),YZ Park 홍대점,193296.791432042    ,450562.931242819    ,대규모점포
서울특별시 마포구 도화동 353번지,"서울특별시 마포구 도화4길 73 (도화동, 현대홈타운)",홈플러스익스프레스 도화점,195669.217619713    ,448393.658663222    ,준대규모점포
서울특별시 마포구 구수동 61번지,서울특별시 마포구 토정로 193 (구수동),롯데슈퍼 마포점,193981.312705953    ,449301.692398118    ,준대규모점포
서울특별시 마포구 연남동 573번지 코오롱아파트,"서울특별시 마포구 연남로 30 (연남동, 코오롱하늘채아파트)",홈플러스익스프레스 연남점,192899.605749281    ,451360.660991625    ,준대규모점포
,서울특별시 마포구 큰우물로 3 (대흥동),롯데슈퍼 대흥점,194648.759340948    ,449239.314703653    ,준대규모점포
,서울특별시 마포구 토정로 282 (용강동),홈플러스익스프레스 용강점,                    ,                    ,준대규모점포
서울특별시 마포구 동교동 190번지 1호,서울특별시 마포구 양화로 188 (동교동),AK PLAZA 홍대,193285.549735897    ,450808.571641119    ,대규모점포
서울특별시 마포구 동교동 190번지 1호,서울특별시 마포구 와우산로35길 50-4 (동교동),홍대복합역사 상업시설,193285.549735897    ,450808.571641119    ,대규모점포
서울특별시 마포구 신수동 93번지 102호 신촌숲아이파크,"서울특별시 마포구 광성로 17, 상가동 127호 (신수동, 신촌숲아이파크)",GS THE FRESH 신촌숲아이파크점,194134.552742402    ,449869.274982304    ,준대규모점포
서울특별시 마포구 염리동 14-149,"서울특별시 마포구 대흥로24길 24, 마포 프레스티지 자이 아파트 단지 내 상가 A동 115~119호 (염리동)",GS THE FRESH 마포염리점,195310.864204116    ,450080.129868689    ,준대규모점포
서울특별시 양천구 목동 739번지 1호,서울특별시 양천구 목동중앙본로7길 45 (목동),목동시장아울렛,188117.351835882    ,448552.989897945    ,대규모점포
서울특별시 송파구 풍납2동 400번지 5호   101호,서울특별시 송파구 강동대로9길 20 (풍납동),롯데쇼핑(주)롯데슈퍼풍납점,210274.185529862    ,447307.649759292    ,준대규모점포
서울특별시 송파구 석촌동 235번지 17호,서울특별시 송파구 백제고분로34길 3 (석촌동),롯데쇼핑(주)롯데슈퍼석촌점,208675.812751826    ,444446.053485778    ,준대규모점포
서울특별시 송파구 오금동 615번지,서울특별시 송파구 양재대로72길 5 (오금동),농협하나로마트방이역점,211217.0019233      ,445334.151660974    ,준대규모점포
서울특별시 송파구 거여2동 27번지 5호 B101호,서울특별시 오금로 512,홈플러스(주)익스프레스 거여점,212800.699970729    ,443397.261935451    ,준대규모점포
서울특별시 송파구 잠실4동 44번지 1호,서울특별시 송파구 석촌호수로 133 (잠실동),홈플러스(주)익스프레스 잠실점,208045.233042977    ,445054.410833743    ,준대규모점포
,서울특별시 송파구 가락로28길 7 (송파동),홈플러스(주) 익스프레스 송파점,210252.90673883     ,444914.307440685    ,준대규모점포
서울특별시 송파구 풍납동 163번지,서울특별시 송파구  올림픽로51길  52 (풍납동),홈플러스(주)익스프레스 풍납점,210378.825036871    ,447916.043934269    ,준대규모점포
서울특별시 송파구 신천동 29번지,서울특별시 송파구 올림픽로 300 (신천동),롯데월드몰,209074.900840074    ,445657.80932984     ,대규모점포
서울특별시 송파구 신천동 29 롯데월드타워앤드롯데월드몰,"서울특별시 송파구 올림픽로 300, 롯데월드타워앤드롯데월드몰 (신천동)",롯데백화점 에비뉴엘 월드타워점,209074.900840074    ,445657.80932984     ,대규모점포
서울특별시 노원구 상계동 713호,서울특별시 노원구 동일로 1414 (상계동),롯데백화점 노원점,205320.28476675     ,461419.881795004    ,대규모점포
서울특별시 노원구 상계동 292번지 1호,서울특별시 노원구 노해로 507 (상계동),와우패션클럽,205557.013355638    ,461441.687971047    ,대규모점포
서울특별시 동대문구 장안동 94번지 27호 외1필지 예신프라자,서울특별시 동대문구 한천로46길 42 (장안동),롯데쇼핑(주) 롯데슈퍼 장안점,206176.178625746    ,453248.09724644     ,준대규모점포
서울특별시 동대문구 답십리1동 530번지 11호  외1필지 지층1호~13호,서울특별시 동대문구 고미술로 49 (답십리동),이마트에브리데이 답십리점,204638.486386691    ,451699.765836365    ,준대규모점포
서울특별시 동대문구 장안동 580번지,서울특별시 동대문구 한천로 42 (장안동),노브랜드 동대문 장안점,205423.969491537    ,451556.210578255    ,준대규모점포
서울특별시 동대문구 회기동 346번지 18호,서울특별시 동대문구  이문로  37 (회기동),베라체캠퍼스 에비뉴,204881.313219146    ,454280.040555974    ,대규모점포
서울특별시 동대문구 신설동 109번지 5호,서울특별시 동대문구 천호대로4길 21 (신설동),서울풍물시장,202186.468072494    ,452282.607415166    ,대규모점포
서울특별시 동대문구 이문동 292번지 10호,서울특별시 동대문구 이문로 136 (이문동),이문동웰츠타워,205396.363734301    ,455131.683241064    ,대규모점포
서울특별시 송파구 신천동 29번지 롯데월드타워앤드롯데월드몰,"서울특별시 송파구 올림픽로 300, 롯데월드타워앤드롯데월드몰 (신천동)",롯데쇼핑(주) 롯데마트 월드타워점,209074.900840074    ,445657.80932984     ,대규모점포
서울특별시 송파구 신천동 29번지,서울특별시 송파구 올림픽로 300-0 (신천동),롯데하이마트 월드타워점,209074.900840074    ,445657.80932984     ,대규모점포
서울특별시 양천구 신월동 928번지 1 호,서울특별시 양천구 지양로 78 (신월동),우성상가시장,185221.95790954     ,446727.354964214    ,대규모점포
서울특별시 양천구 목동 916호,서울특별시 양천구 목동동로 257 (목동),현대백화점목동점,188884.075622342    ,447186.888604306    ,대규모점포
서울특별시 양천구 목동 917번지 6호,서울특별시 양천구 목동동로 309 (목동),행복한백화점,188977.171050288    ,447466.355031447    ,대규모점포
"서울특별시 양천구 목4동 727번지 ,736,726,738,725,739,724,723일대",,목4동시장상인회,                    ,                    ,
"서울특별시 양천구 신월2동 446번지 ,447,484,463, 신월4동427,428번지일대",,경창시장상인회,                    ,                    ,
"서울특별시 양천구 신월1동 105번지 ,106,113,114,115,118,119일대",,신영시장상인회,                    ,                    ,
서울특별시 양천구 목1동 962번지 1호 목동트라팰리스 내,서울특별시 양천구 오목로 299 (목동),(주)이마트 목동점,188551.299139509    ,447076.288051741    ,대규모점포
서울특별시 양천구 신정3동 1183번지 12호,서울특별시 양천구 중앙로 255-1 (신정동),홈플러스(주)익스프레스 신정점,186934.14769332     ,446336.680481997    ,준대규모점포
서울특별시 양천구 신정동 201번지 1호 세양청마루2차 지상1층,"서울특별시 양천구 목동남로4길 2 (신정동, 세양청마루2차주상복합)",(주)지에스리테일 신정2점,187954.189632117    ,445124.131588947    ,준대규모점포
서울특별시 양천구 목3동 657번지 21호,서울특별시 양천구 등촌로 172 (목동),홈플러스(주)익스프레스 목동2점,187788.82257199     ,449204.635182585    ,준대규모점포
서울특별시 양천구 목5동 903번지 목동3단지아파트 관리동상가 105호,"서울특별시 양천구 목동서로 100, 105호 (목동,목동3단지아파트 관리동상가)",롯데슈퍼 목동2점,188700.851169641    ,448020.090999138    ,준대규모점포
서울특별시 중랑구 신내2동 645번지,서울특별시 중랑구 신내로 201 (신내동),홈플러스 신내점,208208.786684767    ,457054.793655589    ,대규모점포
호,,관악종합시장,                    ,                    ,
,서울특별시 서대문구 수색로2길 47 (남가좌동),서중시장,                    ,                    ,대규모점포
서울특별시 양천구 신정동 201번지 1호,서울특별시 양천구 목동남로4길 2 (신정동),신정동세양청마루2차상가,187954.189632117    ,445124.131588947    ,대규모점포
서울특별시 양천구 목3동 960번지,서울특별시 양천구 목동중앙북로 7 (목동),신한이모르젠상가,187955.121454906    ,449649.016215774    ,대규모점포
서울특별시 중랑구 묵1동 170번지 1호 외 35필지,서울특별시 중랑구 동일로 932 (묵동),주식회사 이마트 묵동점,206777.731391054    ,456837.219624564    ,대규모점포
서울특별시 중랑구 상봉1동 500번지,"서울특별시 망우로 353-0 (상봉동, 프레미어스 엠코)",홈플러스(주) 서울 상봉점,207923.745922676    ,455090.718335439    ,대규모점포
서울특별시 중랑구 중화2동 314번지 1호,서울특별시 중랑구 동일로129길 35 (중화동),홈플러스(주) 익스프레스 태릉점,206771.217305763    ,455221.989517331    ,준대규모점포
서울특별시 중랑구 면목3.8동 499번지 4호,서울특별시 중랑구 면목로 357 (면목동),홈플러스(주)익스프레스 면목점,207708.364765906    ,453525.741161528    ,준대규모점포
서울특별시 중랑구 망우3동 410번지 1호,서울특별시 중랑구 용마산로 494 (망우동),홈플러스(주)익스프레스 망우점,208781.999418607    ,454740.62692431     ,준대규모점포
서울특별시 중랑구 면목7동 650번지 카멜리아 쇼핑센타 1층,서울특별시 중랑구 면목로39길 11 (면목동),(주)이마트에브리데이 면목동점,207553.170404939    ,453031.11581883     ,준대규모점포
서울특별시 중구 남창동 51번지 1호,,숭례문상가,197831.002724157    ,450794.31483169     ,대규모점포
서울특별시 용산구 한강로3가 2-8,"서울특별시 용산구 청파로 100, 12동 2층 (한강로3가)",(주)서부티엔디,196605.511573689    ,447841.270074498    ,대규모점포
서울특별시 송파구 잠실3동 40번지 1호 롯데월드,서울특별시 송파구 올림픽로 240 (잠실동),롯데하이마트잠실점,208589.363343145    ,445455.90405262     ,대규모점포
,"서울특별시 송파구 동남로 189 (가락동, 쌍용아파트)",(주)지에스리테일 송파점,211259.909777857    ,443711.702922024    ,준대규모점포
,"서울특별시 송파구 오금로31가길 20 (방이동, 대림아파트)",(주)지에스리테일 방이점,210908.984532034    ,445042.920252223    ,준대규모점포
,"서울특별시 송파구 올림픽로 435 (신천동, 파크리오아파트)",(주)지에스리테일 잠실파크리오점,209314.259995755    ,446483.316079239    ,준대규모점포
,서울특별시 송파구 오금로46길 49 (가락동),(주)지에스리테일 송파가락점,211693.932828168    ,443503.427857478    ,준대규모점포
,서울특별시 송파구 오금로32길 32 (송파동),(주)지에스리테일 송파2점,210432.726398095    ,444603.003663184    ,준대규모점포
,서울특별시 송파구 올림픽로 203 (잠실동),(주)지에스리테일 잠실점,208187.623477261    ,445589.718583334    ,준대규모점포
서울특별시 양천구 신정7동 324번지 10호 굿모닝탑  103~108호,"서울특별시 양천구 목동동로 53, 103~108호 (신정동,굿모닝탑)",홈플러스(주)익스프레스 신정3점,187619.993071747    ,445879.054862903    ,준대규모점포
서울특별시 양천구 신월5동 20번지 28호 외 1필지,"서울특별시 양천구 월정로46길 11 (신월동,외 1필지)",롯데쇼핑(주)롯데슈퍼 신월점,185164.559946017    ,448756.033565786    ,준대규모점포
서울특별시 양천구 신정동 1290-4 대우미래사랑5차아파트,"서울특별시 양천구 신정로13길 3, 대우미래사랑5차아파트 103~105호 (신정동)",롯데프레시 신정점,186071.979697827    ,445297.986765501    ,준대규모점포
서울특별시 양천구 신월5동 26번지,서울특별시 양천구 화곡로 59 (신월동),(주)이마트 신월점,184796.999053109    ,448625.389554748    ,준대규모점포
서울특별시 양천구 목5동 904번지 목동4단지아파트 관리동 105호,"서울특별시 양천구 목동서로 130, 관리동 105호 (목동,목동4단지아파트)",(주)이마트에브리데이 목동점,188580.483661607    ,447750.845210817    ,준대규모점포
서울특별시 동작구 대방동 501번지,,대림쇼핑타운,193273.484014052    ,445011.250115029    ,
서울특별시 도봉구 창동 135-1 경원선 창동민자역사,"서울특별시 도봉구 마들로11가길 6-8, 경원선 창동민자역사 (창동)",창동민자역사 상업시설(arena X square),204138.204768094    ,461223.191625815    ,대규모점포
서울특별시 도봉구 도봉동 95 도봉 아테라,"서울특별시 도봉구 마들로 708 (도봉동, 도봉 아테라)",(주)이마트에브리데이 도봉아테라점,204067.822626124    ,463429.737549948    ,준대규모점포
서울특별시 성동구 성수동2가 324-2 무신사 성수 S1,"서울특별시 성동구 성수이로 62, 무신사 성수 S1 (성수동2가)",무신사 캠퍼스 S1,204871.625958952    ,448673.754753153    ,대규모점포
서울특별시 강서구 공항동 1378 발쿠치네하우스 101동 101~4호,"서울특별시 강서구 송정로 53, 101동 101~104호 (공항동, 발쿠치네하우스)",GS THE FRESH 송정역점,183132.629865058    ,450838.756773739    ,준대규모점포
서울특별시 중랑구 묵동 165,서울특별시 중랑구 숙선옹주로 4 (묵동),세이지움묵동,206774.874230196    ,457011.632629502    ,대규모점포
서울특별시 성북구 장위동 301호,,번동시장,204162.777672643    ,457664.961911112    ,
서울특별시 광진구 구의2동 49번지 4호,서울특별시 광진구 자양로 293 (구의동),롯데 FRESH 아차산점,208075.543534642    ,449971.642025946    ,준대규모점포
서울특별시 광진구 구의3동 212번지 2호,서울특별시 광진구 아차산로 473 (구의동),홈플러스익스프레스 구의2점,208261.748825555    ,448701.658478751    ,준대규모점포
서울특별시 광진구 자양동 17번지 1호,서울특별시 광진구 아차산로 200 (자양동),커먼그라운드,205758.816662193    ,448768.161400623    ,대규모점포
서울특별시 광진구 구의동 66-25,서울특별시 광진구 광나루로39길 11 (구의동),구의 자이르네 판매시설,207775.86513205     ,449252.386906411    ,대규모점포
서울특별시 광진구 구의동 236-53 광진 더프레236,"서울특별시 광진구 자양로 168, 102호 (구의동, 광진 더프레236)",GS THE FRESH 광진구의점,207400.608063491    ,448930.683211743    ,준대규모점포
서울특별시 광진구 자양동 680-63 판매시설,"서울특별시 광진구 아차산로 402, 판매시설 (자양동)",넥스트커넥트피에프브이 (주)이스트폴 판매시설,207770.197118183    ,448131.0613924      ,대규모점포
서울특별시 광진구 능동 234-1,"서울특별시 광진구 천호대로112길 25, 1층 (능동)",GS THE FRESH 광진능동점,207108.67238502     ,450297.066731294    ,준대규모점포
서울특별시 광진구 구의동 257-126,"서울특별시 광진구 자양로18길 33, 1층 (구의동)",GS THE FRESH 구의역점,207475.742181881    ,448425.52828576     ,준대규모점포
서울특별시 동대문구 제기동 892번지 71호,서울특별시 동대문구 왕산로 109 (제기동),한솔동의보감,203075.098504907    ,452918.836458244    ,대규모점포
서울특별시 광진구 중곡동 140-27,"서울특별시 광진구 천호대로 577, 1층 (중곡동)",GS THE FRESH 광진중곡점,207209.236877061    ,450465.185988176    ,준대규모점포
서울특별시 광진구 자양동 870 판매시설,"서울특별시 광진구 아차산로 402, 판매시설 지하1층 (자양동)",이랜드킴스클럽 광진구의점,                    ,                    ,준대규모점포
서울특별시 동대문구 용두동 231-5,서울특별시 동대문구 무학로37길 12(용두동),용두시장,202538.011840845    ,452901.185283908    ,대규모점포
서울특별시 동대문구 제기동 1019 경동시장,"서울특별시 동대문구 고산자로36길 3, 경동시장 (제기동)",경동시장,203403.019535366    ,452985.725419514    ,대규모점포
서울특별시 동대문구 제기동 650호,,동서시장,203597.856176904    ,453055.908738418    ,대규모점포
서울특별시 동대문구 청량리동 738번지,서울특별시 동대문구 홍릉로 13 (청량리동),청량리현대코아,203851.375424856    ,453238.594217594    ,대규모점포
서울특별시 동대문구 전농동 647번지 1호,서울특별시 동대문구 서울시립대로 36 (전농동),전농프라자,204082.111844228    ,452472.990548179    ,대규모점포
서울특별시 동대문구 전농동 295번지 52호,서울특별시 동대문구 전농로 147 (전농동),전농로타리시장,204970.90163598     ,452852.821037366    ,대규모점포
서울특별시 동대문구 답십리동 495-1,서울특별시 동대문구 천호대로 281(답십리동),동부시장,204551.741974471    ,451706.003571094    ,대규모점포
서울특별시 동대문구 장안동 108-5,서울특별시 동대문구 한천로 190(장안동),전곡시장,205987.345607556    ,452845.284277717    ,대규모점포
서울특별시 동대문구 휘경동 151-3,서울특별시 동대문구 휘경로 53(휘경동),이경시장,205761.988407757    ,454700.999035247    ,대규모점포
서울특별시 동대문구 이문동 292번지 10호,서울특별시 동대문구 이문로 136 (이문동),이문제일시장,205396.363734301    ,455131.683241064    ,대규모점포
,서울특별시 종로구 종로44길 14 (창신동),동문시장,200936.42910264     ,452017.94363587     ,대규모점포
서울특별시 송파구 삼전동 9번지 제이 플레이스,"서울특별시 송파구 백제고분로 207 (삼전동, 제이 플레이스)",홈플러스 익스프레스 삼전역점,207875.596264658    ,444672.586038194    ,준대규모점포
서울특별시 송파구 가락동 479 헬리오시티,"서울특별시 송파구 송파대로 345 (가락동, 헬리오시티)",이마트에브리데이 송파점,209412.197809542    ,443928.783342251    ,준대규모점포
서울특별시 송파구 가락동 191-5,서울특별시 송파구 동남로20길 24 (가락동),롯데프레시송파가락가맹점,211822.100655974    ,443697.739713172    ,준대규모점포
,서울특별시 서대문구 응암로 54 (북가좌동),(주)GS리테일 북가좌점,192000.945942229    ,452848.009128439    ,준대규모점포
서울특별시 서대문구 북가좌동 279번지 11호,서울특별시 서대문구 응암로 112 (북가좌동),홈플러스(주) 익스프레스 북가좌점,192301.135452392    ,453354.065487403    ,준대규모점포
서울특별시 서대문구 홍제동 469번지 인왕산 한신휴플러스,"서울특별시 서대문구 통일로 397, 지4층 (홍제동, 인왕산 한신휴플러스)",롯데슈퍼 홍제2점,195281.395461663    ,453657.534811024    ,준대규모점포
서울특별시 서대문구 홍제동 294번지 46호 유진상가,"서울특별시 서대문구 통일로 484, 유진상가 1층 (홍제동)",롯데슈퍼 유진점,194850.361025035    ,454344.432517428    ,준대규모점포
서울특별시 양천구 목동 966번지 목동에버하임,"서울특별시 양천구 목동중앙북로 68 (목동, 목동에버하임)",목동에버하임,188502.886822432    ,449377.63880433     ,대규모점포
